1770161976.5574827,29.00,79.65,IDLE
1770161976.8007944,29.03,79.63,IDLE
1770161977.0412462,29.01,79.61,IDLE
1770161977.283083,29.02,79.63,IDLE
1770161977.5245545,29.01,79.65,IDLE
1770161977.767686,29.03,79.67,IDLE
1770161978.00826,29.04,79.68,IDLE
1770161978.2506185,29.03,79.64,IDLE
1770161978.491921,29.02,79.59,IDLE
1770161978.7337706,29.04,79.65,IDLE
1770161978.975933,29.03,79.63,IDLE
1770161979.2222278,29.01,79.63,IDLE
1770161979.4591804,29.03,79.58,IDLE
1770161979.7010913,29.03,79.58,IDLE
1770161979.9425783,29.06,79.61,IDLE
1770161980.1845784,29.02,79.63,IDLE
1770161980.4262767,29.03,79.60,IDLE
1770161980.6678998,29.03,79.61,IDLE
1770161980.9098177,29.02,79.60,IDLE
1770161981.1519902,29.03,79.57,IDLE
1770161981.3940303,29.03,79.56,IDLE
1770161981.6354222,29.02,79.59,IDLE
1770161981.8769734,29.05,79.62,IDLE
1770161982.1187096,29.03,79.61,IDLE
1770161982.3603246,29.02,79.55,IDLE
1770161982.6026487,29.02,79.55,IDLE
1770161982.8441665,29.03,79.57,IDLE
1770161983.0859373,29.03,79.57,IDLE
1770161983.327508,29.02,79.61,IDLE
1770161983.5694518,29.01,79.58,IDLE
1770161983.8114204,29.02,79.60,IDLE
1770161984.053042,29.04,79.59,IDLE
1770161984.2945864,29.02,79.60,IDLE
1770161984.5369945,29.03,79.59,IDLE
1770161984.7783163,29.04,79.57,IDLE
1770161985.0200167,29.04,79.57,IDLE
1770161985.262277,29.03,79.61,IDLE
1770161985.5040529,29.04,79.57,IDLE
1770161985.7459867,29.04,79.59,IDLE
1770161985.9869792,29.05,79.58,IDLE
1770161986.2290385,29.05,79.56,IDLE
1770161986.47129,29.01,79.62,IDLE
1770161986.7127955,29.01,79.60,IDLE
1770161986.9545164,29.03,79.58,IDLE
1770161987.195937,29.02,79.60,IDLE
1770161987.4376128,29.04,79.61,IDLE
1770161987.6797807,29.02,79.57,IDLE
1770161987.9212081,29.03,79.55,IDLE
1770161988.1629906,29.02,79.53,IDLE
1770161988.4060445,29.03,79.53,IDLE
1770161988.6472237,29.03,79.56,IDLE
1770161988.8885777,29.04,79.57,IDLE
1770161989.130843,29.04,79.53,IDLE
1770161989.3722184,29.03,79.56,IDLE
1770161989.6139202,29.05,79.56,IDLE
1770161989.855649,29.05,79.52,IDLE
1770161990.098115,29.02,79.53,IDLE
1770161990.3392441,29.01,79.57,IDLE
1770161990.5816612,29.04,79.56,IDLE
1770161990.8226883,29.02,79.53,IDLE
1770161991.0642679,29.04,79.56,IDLE
1770161991.306176,29.03,79.52,IDLE
1770161991.5482502,29.03,79.51,IDLE
1770165588.3827615,40.96,47.34,IDLE
1770165588.6239,40.98,47.34,IDLE
1770165588.8650844,40.97,47.37,IDLE
1770165589.1070867,40.97,47.37,IDLE
1770165589.3493614,40.97,47.37,IDLE
1770165589.591046,40.97,47.36,IDLE
1770165589.832943,40.97,47.35,IDLE
1770165590.0747652,40.98,47.35,IDLE
1770165590.3169158,40.97,47.36,IDLE
1770165590.5582411,40.98,47.38,IDLE
1770165590.7998931,40.96,47.39,IDLE
1770165591.0415242,40.97,47.40,IDLE
1770165591.2833471,40.97,47.33,IDLE
1770165591.5252388,40.97,47.35,IDLE
1770165591.7669072,41.00,47.41,IDLE
1770165592.0088243,40.99,47.41,IDLE
1770165592.2504873,40.98,47.40,IDLE
1770165592.4928892,41.00,47.38,IDLE
1770165592.7345593,40.99,47.34,IDLE
1770165592.9762697,40.99,47.35,IDLE
1770165593.2177007,40.98,47.39,IDLE
1770165593.4598806,41.00,47.33,IDLE
1770165593.7011235,40.99,47.35,IDLE
1770165593.943339,40.99,47.37,IDLE
1770165594.1852162,41.01,47.37,IDLE
1770165594.4267142,41.00,47.41,IDLE
1770165594.6687393,41.01,47.41,IDLE
1770165594.9105976,41.01,47.39,IDLE
1770165595.1523032,41.00,47.40,IDLE
1770165595.3940127,41.02,47.38,IDLE
1770165595.635803,41.00,47.37,IDLE
1770165595.877196,41.03,47.40,IDLE
1770165596.1194084,41.03,47.39,IDLE
1770165596.361157,41.00,47.40,IDLE
1770165596.602994,41.03,47.35,IDLE
1770165596.844676,41.02,47.37,IDLE
1770165597.086921,41.01,47.30,IDLE
1770165597.32837,41.03,47.37,IDLE
1770165597.5695434,41.01,47.35,IDLE
1770165597.8113642,41.01,47.35,IDLE
1770165598.053238,41.02,47.33,IDLE
1770165598.2954206,41.02,47.35,IDLE
1770165598.53633,41.02,47.32,IDLE
1770165598.778934,41.01,47.29,IDLE
1770165599.0204322,41.02,47.30,IDLE
1770165599.2624784,41.03,47.31,IDLE
1770165599.5042868,41.03,47.32,IDLE
1770165599.745985,41.04,47.33,IDLE
1770165599.9873288,41.03,47.27,IDLE
1770165600.2294724,41.03,47.30,IDLE
1770165600.4713507,41.03,47.28,IDLE
1770165600.7130656,41.03,47.29,IDLE
1770165600.9549716,41.02,47.27,IDLE
1770165601.196377,41.03,47.29,IDLE
1770165601.4376445,41.04,47.25,IDLE
1770165601.6802392,41.04,47.29,IDLE
1770165601.922057,41.05,47.25,IDLE
1770165602.163288,41.04,47.26,IDLE
1770165602.4047723,41.03,47.25,IDLE
1770165602.6473038,41.04,47.22,IDLE
1770165602.8885314,41.05,47.27,IDLE
1770165603.1309226,41.03,47.24,IDLE
1770165603.3718596,41.04,47.24,IDLE
1770165603.6135907,41.05,47.25,IDLE
1770165603.8556268,41.05,47.24,IDLE
1770165604.097438,41.06,47.22,IDLE
1770165604.3392003,41.06,47.23,IDLE
1770165604.5815215,41.05,47.23,IDLE
1770165604.82204,41.07,47.20,IDLE
1770165605.0650504,41.06,47.20,IDLE
1770165605.3062823,41.06,47.21,IDLE
1770165605.5485816,41.09,47.25,IDLE
1770165605.790323,41.06,47.19,IDLE
1770165606.0321326,41.07,47.17,IDLE
1770165606.273931,41.07,47.23,IDLE
1770165606.515121,41.07,47.19,IDLE
1770165606.7574902,41.07,47.17,IDLE
1770165606.9986713,41.06,47.18,IDLE
1770165607.2409966,41.06,47.19,IDLE
1770165607.4820979,41.06,47.19,IDLE
1770165607.7245216,41.05,47.11,IDLE
1770165607.966269,41.05,47.15,IDLE
1770165608.2081318,41.04,47.12,IDLE
1770165608.4487994,41.08,47.17,IDLE
1770165608.6916425,41.08,47.17,IDLE
1770165608.9328315,41.05,47.17,IDLE
1770165609.174766,41.07,47.13,IDLE
1770165609.4159102,41.07,47.15,IDLE
1770165609.6583183,41.05,47.11,IDLE
1770165609.8999329,41.08,47.13,IDLE
1770165610.1417637,41.07,47.12,IDLE
1770165610.383378,41.05,47.10,IDLE
1770165610.624686,41.06,47.10,IDLE
1770165610.8668063,41.09,47.13,IDLE
1770165611.109259,41.07,47.11,IDLE
1770165611.3506167,41.05,47.10,IDLE
1770165611.5917387,41.06,47.11,IDLE
1770165611.8338482,41.05,47.10,IDLE
1770165612.0759068,41.08,47.13,IDLE
1770165612.3176723,41.08,47.12,IDLE
1770165612.5594509,41.07,47.11,IDLE
1770165612.8008943,41.06,47.07,IDLE
1770165613.0435035,41.05,47.08,IDLE
1770165613.2849164,41.09,47.07,IDLE
1770165613.5271482,41.08,47.12,IDLE
1770165613.7689216,41.06,47.10,IDLE
1770165614.0095692,41.11,47.13,IDLE
1770165614.2523901,41.07,47.09,IDLE
1770165614.4942865,41.08,47.06,IDLE
1770165614.7357302,41.08,47.07,IDLE
1770165614.9778423,41.08,47.10,IDLE
1770165615.2187238,41.08,47.08,IDLE
1770165615.4613369,41.09,47.11,IDLE
1770165615.7024138,41.10,47.04,IDLE
1770165615.9448714,41.06,47.04,IDLE
1770165616.1867266,41.08,47.06,IDLE
1770165616.4283702,41.09,47.08,IDLE
1770165616.6697464,41.09,47.08,IDLE
1770165616.9119644,41.11,47.11,IDLE
1770165617.1541517,41.08,47.05,IDLE
1770165617.3954337,41.07,47.08,IDLE
1770165617.6370273,41.08,47.06,IDLE
1770165617.8789747,41.08,47.04,IDLE
1770165618.1203527,41.09,46.99,IDLE
1770165618.363089,41.09,47.04,IDLE
1770165618.6037962,41.09,47.02,IDLE
1770165618.845643,41.10,46.99,IDLE
1770165619.087376,41.08,47.01,IDLE
1770165619.329157,41.09,46.96,IDLE
1770165619.571484,41.10,46.98,IDLE
1770165619.8123386,41.08,46.98,IDLE
1770165620.0545115,41.09,46.99,IDLE
1770165620.297246,41.09,46.97,IDLE
1770165620.5385013,41.09,46.96,IDLE
1770165620.780226,41.10,46.99,IDLE
1770165621.0220735,41.09,46.96,IDLE
1770165621.2641318,41.10,46.97,IDLE
1770165621.505617,41.11,46.99,IDLE
1770165621.7472572,41.11,46.97,IDLE
1770165621.988417,41.10,46.92,IDLE
1770165622.230363,41.12,46.97,IDLE
1770165622.472217,41.11,46.94,IDLE
1770165622.7142017,41.12,46.96,IDLE
1770165622.9563742,41.11,46.95,IDLE
1770165623.1973789,41.11,46.99,IDLE
1770165623.4398708,41.11,46.94,IDLE
1770165623.6808202,41.13,46.97,IDLE
1770165623.9229898,41.10,46.94,IDLE
1770165624.164451,41.14,46.93,IDLE
1770165624.4064028,41.12,46.92,IDLE
1770165624.648187,41.10,46.94,IDLE
1770165624.8900406,41.11,46.93,IDLE
1770165625.131263,41.12,46.92,IDLE
1770165625.3740723,41.12,46.95,IDLE
1770165625.6151419,41.12,46.98,IDLE
1770165625.8576398,41.11,46.94,IDLE
1770165626.098688,41.12,46.93,IDLE
1770165626.3412507,41.10,46.95,IDLE
1770165626.5824072,41.11,46.97,IDLE
1770165626.8246799,41.11,46.95,IDLE
1770165627.0656443,41.11,46.94,IDLE
1770165627.307686,41.13,46.95,IDLE
1770165627.5494852,41.11,46.96,IDLE
1770165627.7912364,41.12,46.95,IDLE
1770165628.0335464,41.11,46.94,IDLE
1770165628.2745807,41.11,46.93,IDLE
1770165628.5167065,41.13,47.01,IDLE
1770165628.7578545,41.13,46.96,IDLE
1770165629.0006192,41.12,46.97,IDLE
1770165629.2425458,41.11,46.99,IDLE
1770165629.4842327,41.12,46.96,IDLE
1770165629.726041,41.12,46.95,IDLE
1770165629.9669683,41.12,46.98,IDLE
1770165630.2096062,41.11,46.97,IDLE
1770165630.4512029,41.10,46.92,IDLE
1770165630.6930501,41.09,46.91,IDLE
1770165630.9349287,41.11,46.94,IDLE
1770165631.176712,41.12,46.97,IDLE
1770165631.418322,41.13,46.96,IDLE
1770165631.6602094,41.13,46.96,IDLE
1770165631.9017437,41.11,46.95,IDLE
1770165632.1437652,41.13,46.99,IDLE
1770165632.3852198,41.14,46.97,IDLE
1770165632.6267247,41.11,46.95,IDLE
1770165632.8687637,41.12,47.01,IDLE
1770165633.1107643,41.12,46.98,IDLE
1770165633.3523674,41.14,46.96,IDLE
1770165633.5943365,41.13,46.98,IDLE
1770165633.8356035,41.13,47.00,IDLE
1770165634.0770125,41.14,47.01,IDLE
1770165634.3191488,41.13,47.01,IDLE
1770165634.56094,41.13,47.00,IDLE
1770165634.8026628,41.15,46.98,IDLE
1770165635.044581,41.13,46.97,IDLE
1770165635.2860568,41.14,46.99,IDLE
1770165635.529168,41.12,47.00,IDLE
1770165635.7703824,41.12,47.01,IDLE
1770165636.0109146,41.14,46.98,IDLE
1770165636.2531412,41.13,46.98,IDLE
1770165636.496198,41.14,46.99,IDLE
1770165636.7368875,41.11,46.96,IDLE
1770165636.9791174,41.13,46.96,IDLE
1770165637.2205372,41.14,46.98,IDLE
1770165637.4620137,41.15,46.95,IDLE
1770165637.7041042,41.14,46.93,IDLE
1770165637.945774,41.13,46.91,IDLE
1770165638.1877596,41.14,46.94,IDLE
1770165638.4298313,41.14,46.95,IDLE
1770165638.6716077,41.14,46.91,IDLE
1770165638.912822,41.14,46.92,IDLE
1770165639.154305,41.12,46.89,IDLE
1770165639.3961112,41.14,46.90,IDLE
1770165639.6388123,41.14,46.93,IDLE
1770165639.879544,41.13,46.88,IDLE
1770165640.1217475,41.13,46.93,IDLE
1770165640.364037,41.13,46.89,IDLE
1770165640.6058462,41.13,46.88,IDLE
1770165640.847643,41.14,46.92,IDLE
1770165641.0894332,41.13,46.91,IDLE
1770165641.331233,41.14,46.96,IDLE
1770165641.5729308,41.15,46.94,IDLE
1770165641.8146708,41.15,46.96,IDLE
1770165642.0564775,41.14,46.98,IDLE
1770165642.2973733,41.15,47.02,IDLE
1770165642.5394938,41.14,46.96,IDLE
1770165642.780837,41.16,46.99,IDLE
1770165643.0235622,41.16,46.98,IDLE
1770165643.2654283,41.16,46.99,IDLE
1770165643.5066967,41.16,47.02,IDLE
1770165643.748118,41.15,46.97,IDLE
1770165643.9901626,41.15,47.01,IDLE
1770165644.2319074,41.17,47.04,IDLE
1770165644.4729903,41.16,46.96,IDLE
1770165644.7155275,41.16,47.06,IDLE
1770165644.9566007,41.16,47.09,IDLE
1770165645.1987097,41.14,47.06,IDLE
1770165645.4410315,41.16,47.09,IDLE
1770165645.6821797,41.17,47.06,IDLE
1770165645.9237518,41.16,47.12,IDLE
1770165646.16662,41.15,47.12,IDLE
1770165646.4071403,41.15,47.09,IDLE
1770165646.650512,41.15,47.09,IDLE
1770165646.8919063,41.17,47.06,IDLE
1770165647.1324346,41.17,47.13,IDLE
1770165647.3746028,41.17,47.11,IDLE
1770165647.6171942,41.17,47.11,IDLE
1770165647.8602643,41.15,47.16,IDLE
1770165648.0995736,41.17,47.15,IDLE
1770165648.3428247,41.16,47.16,IDLE
1770165648.5835752,41.16,47.12,IDLE
1770165648.8262825,41.19,47.15,IDLE
1770165649.0667326,41.17,47.10,IDLE
1770165649.3091226,41.17,47.13,IDLE
1770165649.5505672,41.18,47.14,IDLE
1770165649.792942,41.17,47.13,IDLE
1770165650.0344596,41.15,47.10,IDLE
1770165650.2767801,41.18,47.14,IDLE
1770165650.518104,41.18,47.16,IDLE
1770165650.7599952,41.17,47.12,IDLE
1770165651.0021908,41.19,47.18,IDLE
1770165651.2442262,41.18,47.14,IDLE
1770165651.485698,41.18,47.14,IDLE
1770165651.7269373,41.18,47.10,IDLE
1770165651.9692416,41.19,47.15,IDLE
1770165652.2106154,41.17,47.10,IDLE
1770165652.4528098,41.16,47.14,IDLE
1770165652.6941056,41.18,47.10,IDLE
1770165652.936361,41.18,47.15,IDLE
1770165653.1775453,41.19,47.14,IDLE
1770165653.4198306,41.18,47.13,IDLE
1770165653.6609135,41.18,47.14,IDLE
1770165653.9034135,41.19,47.17,IDLE
1770165654.1447856,41.19,47.17,IDLE
1770165654.386961,41.19,47.12,IDLE
1770165654.6287596,41.20,47.15,IDLE
1770165654.8704777,41.18,47.16,IDLE
1770165655.11156,41.19,47.14,IDLE
1770165655.3541043,41.19,47.17,IDLE
1770165655.5951371,41.18,47.18,IDLE
1770165655.8368855,41.17,47.13,IDLE
1770165656.0794108,41.19,47.16,IDLE
1770165656.3200905,41.18,47.19,IDLE
1770165656.5630655,41.19,47.18,IDLE
1770165656.8047736,41.20,47.17,IDLE
1770165657.046511,41.18,47.18,IDLE
1770165657.288292,41.19,47.15,IDLE
1770165657.5301914,41.20,47.16,IDLE
1770165657.7718346,41.17,47.18,IDLE
1770165658.0129337,41.17,47.13,IDLE
1770165658.2554083,41.17,47.16,IDLE
1770165658.497114,41.18,47.14,IDLE
1770165658.7389176,41.17,47.16,IDLE
1770165658.9807088,41.18,47.16,IDLE
1770165659.222444,41.17,47.13,IDLE
1770165659.4641697,41.17,47.13,IDLE
1770165659.706077,41.19,47.13,IDLE
1770165659.9470317,41.20,47.19,IDLE
1770165660.1890075,41.20,47.16,IDLE
1770165660.4313593,41.18,47.14,IDLE
1770165660.6723545,41.19,47.15,IDLE
1770165660.9148762,41.21,47.14,IDLE
1770165661.156703,41.18,47.15,IDLE
1770165661.3984716,41.18,47.17,IDLE
1770165661.6396632,41.20,47.17,IDLE
1770165661.8820424,41.20,47.18,IDLE
1770165662.1237266,41.18,47.13,IDLE
1770165662.3650017,41.21,47.16,IDLE
1770165662.607338,41.19,47.15,IDLE
1770165662.848554,41.21,47.16,IDLE
1770165663.0908465,41.19,47.17,IDLE
1770165663.3322039,41.20,47.16,IDLE
1770165663.5743887,41.20,47.14,IDLE
1770165663.8153815,41.21,47.14,IDLE
1770165664.0575235,41.19,47.12,IDLE
1770165664.298962,41.18,47.12,IDLE
1770165664.541038,41.21,47.16,IDLE
1770165664.7827246,41.22,47.14,IDLE
1770165665.024561,41.20,47.08,IDLE
1770165665.2668602,41.17,47.13,IDLE
1770165665.508671,41.19,47.11,IDLE
1770165665.7503452,41.19,47.14,IDLE
1770165665.9917128,41.21,47.12,IDLE
1770165666.2338793,41.20,47.13,IDLE
1770165666.4757314,41.19,47.10,IDLE
1770165666.716941,41.20,47.11,IDLE
1770165666.9596295,41.20,47.12,IDLE
1770165667.2007663,41.19,47.07,IDLE
1770165667.442084,41.20,47.08,IDLE
1770165667.6845248,41.18,47.04,IDLE
1770165667.9255013,41.21,47.08,IDLE
1770165668.1676824,41.19,47.08,IDLE
1770165668.4091415,41.20,47.06,IDLE
1770165668.6516266,41.19,47.07,IDLE
1770165668.8927257,41.19,47.03,IDLE
1770165669.1348562,41.18,47.06,IDLE
1770165669.3768747,41.19,47.04,IDLE
1770165669.618788,41.21,47.00,IDLE
1770165669.8596413,41.20,47.03,IDLE
1770165670.1017594,41.19,46.97,IDLE
1770165670.343358,41.19,47.04,IDLE
1770165670.5858874,41.20,47.02,IDLE
1770165670.8268876,41.21,47.03,IDLE
1770165671.0688717,41.20,47.01,IDLE
1770165671.3106425,41.20,47.01,IDLE
1770165671.5524535,41.22,47.00,IDLE
1770165671.795118,41.20,46.99,IDLE
1770165672.0365536,41.20,46.99,IDLE
1770165672.2773018,41.20,47.00,IDLE
1770165672.5195663,41.20,46.96,IDLE
1770165672.7610683,41.20,46.99,IDLE
1770165673.003561,41.19,46.97,IDLE
1770165673.244296,41.19,46.96,IDLE
1770165673.486592,41.19,46.97,IDLE
1770165673.7288764,41.18,46.94,IDLE
1770165673.9705582,41.20,46.94,IDLE
1770165674.2116482,41.21,46.96,IDLE
1770165674.4531884,41.22,46.94,IDLE
1770165674.6948192,41.20,47.00,IDLE
1770165674.936954,41.21,47.00,IDLE
1770165675.1785781,41.20,46.95,IDLE
1770165675.4208472,41.21,46.97,IDLE
1770165675.662528,41.22,47.01,IDLE
1770165675.9039755,41.18,46.97,IDLE
1770165676.1461859,41.19,46.95,IDLE
1770165676.387984,41.21,46.92,IDLE
1770165676.6297736,41.17,46.96,IDLE
1770165676.8716733,41.20,46.93,IDLE
1770165677.1129699,41.20,46.94,IDLE
1770165677.3550835,41.17,46.93,IDLE
1770165677.5962071,41.17,46.94,IDLE
1770165677.8391294,41.19,46.89,IDLE
1770165678.0825193,41.19,46.89,IDLE
1770165678.3225634,41.18,46.91,IDLE
1770165678.5639935,41.18,46.90,IDLE
1770165678.8064075,41.19,46.93,IDLE
1770165679.0473752,41.19,46.87,IDLE
1770165679.2886057,41.20,46.87,IDLE
1770165679.5307033,41.18,46.91,IDLE
1770165679.7733061,41.20,46.93,IDLE
1770165680.0151014,41.19,46.90,IDLE
1770165680.256498,41.20,46.87,IDLE
1770165680.4980435,41.18,46.88,IDLE
1770165680.7403753,41.21,46.86,IDLE
1770165680.982127,41.20,46.86,IDLE
1770165681.2230887,41.21,46.88,IDLE
1770165681.4656904,41.19,46.88,IDLE
1770165681.707301,41.20,46.90,IDLE
1770165681.9486585,41.20,46.85,IDLE
1770165682.1903412,41.18,46.89,IDLE
1770165682.432191,41.20,46.89,IDLE
1770165682.6741412,41.20,46.88,IDLE
1770165682.9158046,41.20,46.86,IDLE
1770165683.1581888,41.20,46.84,IDLE
1770165683.3990552,41.19,46.82,IDLE
1770165683.640839,41.21,46.86,IDLE
1770165683.8834062,41.22,46.86,IDLE
1770165684.123971,41.21,46.86,IDLE
1770165684.3669696,41.21,46.86,IDLE
1770165684.6083689,41.20,46.84,IDLE
1770165684.8500276,41.20,46.83,IDLE
1770165685.0919423,41.21,46.85,IDLE
1770165685.3341012,41.21,46.84,IDLE
1770165685.5752804,41.22,46.84,IDLE
1770165685.8171074,41.21,46.81,IDLE
1770165686.0588288,41.23,46.84,IDLE
1770165686.3006022,41.22,46.84,IDLE
1770165686.5422218,41.21,46.85,IDLE
1770165686.7846773,41.23,46.81,IDLE
1770165687.0261388,41.22,46.80,IDLE
1770165687.2682796,41.22,46.79,IDLE
1770165687.5097258,41.22,46.81,IDLE
1770165687.7513564,41.23,46.80,IDLE
1770165687.9928482,41.23,46.82,IDLE
1770165688.2353542,41.23,46.78,IDLE
1770165688.4770832,41.22,46.78,IDLE
1770165688.7188163,41.23,46.82,IDLE
1770165688.9606721,41.23,46.79,IDLE
1770165689.2023995,41.22,46.79,IDLE
1770165689.443717,41.24,46.80,IDLE
1770165689.6860056,41.24,46.81,IDLE
1770165689.92722,41.24,46.80,IDLE
1770165690.169,41.24,46.80,IDLE
1770165690.4108338,41.25,46.74,IDLE
1770165690.6525393,41.24,46.75,IDLE
1770165690.8940172,41.26,46.78,IDLE
1770165691.135712,41.26,46.78,IDLE
1770165691.3776364,41.25,46.77,IDLE
1770165691.6196663,41.25,46.79,IDLE
1770165691.8615196,41.24,46.77,IDLE
1770165692.103328,41.23,46.76,IDLE
1770165692.345089,41.24,46.76,IDLE
1770165692.5867577,41.24,46.78,IDLE
1770165692.8289802,41.25,46.76,IDLE
1770165693.07083,41.24,46.76,IDLE
1770165693.3122447,41.24,46.71,IDLE
1770165693.554379,41.24,46.74,IDLE
1770165693.7957196,41.23,46.68,IDLE
1770165694.0379272,41.22,46.74,IDLE
1770165694.2789578,41.24,46.70,IDLE
1770165694.5214865,41.23,46.69,IDLE
1770165694.7624626,41.24,46.73,IDLE
1770165695.0053992,41.24,46.70,IDLE
1770165695.2467399,41.22,46.70,IDLE
1770165695.4878569,41.24,46.74,IDLE
1770165695.7294266,41.22,46.68,IDLE
1770165695.9723155,41.25,46.73,IDLE
1770165696.2128618,41.23,46.69,IDLE
1770165696.4552076,41.26,46.69,IDLE
1770165696.69695,41.23,46.67,IDLE
1770165696.9395342,41.23,46.71,IDLE
1770165697.1801903,41.23,46.68,IDLE
1770165697.4219272,41.23,46.69,IDLE
1770165697.663541,41.23,46.67,IDLE
1770165697.905191,41.23,46.69,IDLE
1770165698.1470737,41.23,46.65,IDLE
1770165698.389212,41.22,46.67,IDLE
1770165698.6307425,41.24,46.70,IDLE
1770165698.8725314,41.24,46.66,IDLE
1770165699.1147768,41.24,46.71,IDLE
1770165699.3560476,41.23,46.70,IDLE
1770165699.5983064,41.24,46.69,IDLE
1770165699.8399475,41.23,46.67,IDLE
1770165700.082318,41.24,46.68,IDLE
1770165700.3232205,41.25,46.66,IDLE
1770165700.5647597,41.25,46.66,IDLE
1770165700.8070502,41.24,46.67,IDLE
1770165701.048341,41.25,46.66,IDLE
1770165701.290583,41.23,46.71,IDLE
1770165701.5322828,41.24,46.68,IDLE
1770165701.7741818,41.24,46.67,IDLE
1770165702.0156436,41.24,46.65,IDLE
1770165702.25771,41.23,46.68,IDLE
1770165702.49943,41.24,46.66,IDLE
1770165702.741271,41.23,46.69,IDLE
1770165702.9830441,41.24,46.67,IDLE
1770165703.2245789,41.23,46.68,IDLE
1770165703.4667149,41.23,46.68,IDLE
1770165703.7083817,41.23,46.67,IDLE
1770165703.9501474,41.24,46.63,IDLE
1770165704.1915772,41.24,46.65,IDLE
1770165704.4337184,41.24,46.67,IDLE
1770165704.6751845,41.23,46.69,IDLE
1770165704.9171896,41.24,46.70,IDLE
1770165705.1595073,41.24,46.68,IDLE
1770165705.4013002,41.23,46.64,IDLE
1770165705.643093,41.24,46.68,IDLE
1770165705.884386,41.25,46.68,IDLE
1770165706.12606,41.24,46.72,IDLE
1770165706.3679092,41.23,46.64,IDLE
1770165706.6095936,41.25,46.71,IDLE
1770165706.851447,41.23,46.69,IDLE
1770165707.0931642,41.25,46.73,IDLE
1770165707.335003,41.22,46.68,IDLE
1770165707.576817,41.23,46.70,IDLE
1770165707.8184762,41.23,46.69,IDLE
1770165708.0606081,41.24,46.69,IDLE
1770165708.3022492,41.23,46.69,IDLE
1770165708.5438635,41.24,46.69,IDLE
1770165708.784916,41.23,46.67,IDLE
1770165709.027487,41.23,46.73,IDLE
1770165709.269673,41.24,46.71,IDLE
1770165709.5106437,41.25,46.74,IDLE
1770165709.7553327,41.24,46.69,IDLE
1770165709.995035,41.24,46.70,IDLE
1770165710.2369037,41.25,46.74,IDLE
1770165710.4779708,41.24,46.74,IDLE
1770165710.7198663,41.25,46.70,IDLE
1770165710.960835,41.24,46.72,IDLE
1770165711.2037816,41.24,46.72,IDLE
1770165711.4449081,41.23,46.73,IDLE
1770165711.6867747,41.24,46.71,IDLE
1770165711.927933,41.25,46.77,IDLE
1770165712.1701486,41.25,46.72,IDLE
1770165712.4128203,41.24,46.74,IDLE
1770165712.6534333,41.25,46.72,IDLE
1770165712.8958213,41.25,46.77,IDLE
1770165713.136944,41.25,46.78,IDLE
1770165713.3785892,41.25,46.74,IDLE
1770165713.6203492,41.25,46.73,IDLE
1770165713.8626504,41.27,46.75,IDLE
1770165714.104127,41.24,46.74,IDLE
1770165714.3508146,41.26,46.75,IDLE
1770165714.587989,41.26,46.73,IDLE
1770165714.830453,41.25,46.71,IDLE
1770165715.0711129,41.25,46.76,IDLE
1770165715.312771,41.25,46.69,IDLE
1770165715.5549748,41.26,46.76,IDLE
1770165715.797099,41.26,46.71,IDLE
1770165716.0386627,41.26,46.69,IDLE
1770165716.2806253,41.27,46.72,IDLE
1770165716.5229177,41.29,46.73,IDLE
1770165716.7639327,41.25,46.74,IDLE
1770165717.0056195,41.27,46.70,IDLE
1770165717.2476768,41.28,46.72,IDLE
1770165717.4894574,41.27,46.72,IDLE
1770165717.7317386,41.28,46.70,IDLE
1770165717.9735637,41.28,46.74,IDLE
1770165718.215087,41.28,46.69,IDLE
1770165718.4571636,41.28,46.70,IDLE
1770165718.698576,41.27,46.72,IDLE
1770165718.940425,41.28,46.70,IDLE
1770165719.181226,41.28,46.68,IDLE
1770165719.4236798,41.27,46.73,IDLE
1770165719.6660168,41.28,46.71,IDLE
1770165719.907104,41.29,46.68,IDLE
1770165720.1495972,41.28,46.71,IDLE
1770165720.390759,41.29,46.66,IDLE
1770165720.632578,41.28,46.64,IDLE
1770165720.8747046,41.27,46.69,IDLE
1770165721.1166286,41.28,46.68,IDLE
1770165721.3584363,41.29,46.65,IDLE
1770165721.600189,41.27,46.65,IDLE
1770165721.842016,41.28,46.65,IDLE
1770165722.083758,41.28,46.62,IDLE
1770165722.3252544,41.31,46.65,IDLE
1770165722.5668333,41.29,46.61,IDLE
1770165722.8080218,41.31,46.62,IDLE
1770165723.0511296,41.30,46.60,IDLE
1770165723.2918088,41.30,46.62,IDLE
1770165723.5347185,41.30,46.61,IDLE
1770165723.7756846,41.30,46.58,IDLE
1770165724.018014,41.29,46.61,IDLE
1770165724.2589176,41.30,46.60,IDLE
1770165724.5015762,41.30,46.59,IDLE
1770165724.742798,41.29,46.59,IDLE
1770165724.985018,41.30,46.59,IDLE
1770165725.2262597,41.29,46.60,IDLE
1770165725.468863,41.31,46.60,IDLE
1770165725.7098486,41.28,46.57,IDLE
1770165725.9522448,41.30,46.58,IDLE
1770165726.1939373,41.29,46.63,IDLE
1770165726.4345846,41.29,46.61,IDLE
1770165726.6774356,41.31,46.57,IDLE
1770165726.9190488,41.31,46.56,IDLE
1770165727.161021,41.30,46.58,IDLE
1770165727.4022489,41.31,46.60,IDLE
1770165727.6439843,41.30,46.63,IDLE
1770165727.8856227,41.29,46.60,IDLE
1770165728.1276867,41.30,46.58,IDLE
1770165728.3697011,41.29,46.57,IDLE
1770165728.611625,41.29,46.58,IDLE
1770165728.8526826,41.29,46.59,IDLE
1770165729.0950437,41.31,46.55,IDLE
1770165729.3362358,41.28,46.58,IDLE
1770165729.57871,41.30,46.60,IDLE
1770165729.8197422,41.30,46.56,IDLE
1770165730.061471,41.29,46.55,IDLE
1770165730.3033106,41.30,46.56,IDLE
1770165730.5458136,41.29,46.57,IDLE
1770165730.7870462,41.29,46.55,IDLE
1770165731.028629,41.28,46.53,IDLE
1770165731.270434,41.29,46.55,IDLE
1770165731.512432,41.29,46.58,IDLE
1770165731.7538934,41.28,46.55,IDLE
1770165731.9960434,41.29,46.57,IDLE
1770165732.2382584,41.29,46.53,IDLE
1770165732.4801116,41.28,46.56,IDLE
1770165732.721717,41.30,46.53,IDLE
1770165732.9635966,41.30,46.53,IDLE
1770165733.204572,41.28,46.55,IDLE
1770165733.447041,41.31,46.57,IDLE
1770165733.688218,41.30,46.54,IDLE
1770165733.9307232,41.32,46.57,IDLE
1770165734.1715806,41.28,46.55,IDLE
1770165734.413811,41.31,46.58,IDLE
1770165734.65511,41.30,46.54,IDLE
1770165734.8972855,41.30,46.56,IDLE
1770165735.1389804,41.30,46.60,IDLE
1770165735.3813097,41.28,46.55,IDLE
1770165735.6231234,41.30,46.56,IDLE
1770165735.8649764,41.30,46.56,IDLE
1770165736.1059024,41.31,46.56,IDLE
1770165736.3480022,41.32,46.56,IDLE
1770165736.5897226,41.30,46.56,IDLE
1770165736.8315372,41.30,46.51,IDLE
1770165737.0737638,41.30,46.56,IDLE
1770165737.3150985,41.29,46.54,IDLE
1770165737.5568078,41.29,46.56,IDLE
1770165737.7985828,41.29,46.58,IDLE
1770165738.040297,41.31,46.55,IDLE
1770165738.2824283,41.29,46.53,IDLE
1770165738.5242734,41.27,46.54,IDLE
1770165738.766198,41.28,46.51,IDLE
1770165739.0074663,41.28,46.52,IDLE
1770165739.2499108,41.28,46.54,IDLE
1770165739.4910254,41.28,46.55,IDLE
1770165739.7327797,41.29,46.56,IDLE
1770165739.9750106,41.28,46.55,IDLE
1770165740.216288,41.29,46.54,IDLE
1770165740.457852,41.27,46.54,IDLE
1770165740.7004435,41.27,46.54,IDLE
1770165740.9417346,41.28,46.52,IDLE
1770165741.182911,41.27,46.50,IDLE
1770165741.4257185,41.28,46.50,IDLE
1770165741.6667647,41.30,46.52,IDLE
1770165741.9092803,41.27,46.53,IDLE
1770165742.1532488,41.27,46.52,IDLE
1770165742.3927824,41.27,46.49,IDLE
1770165742.634086,41.28,46.54,IDLE
1770165742.8758976,41.27,46.51,IDLE
1770165743.117368,41.28,46.53,IDLE
1770165743.3595638,41.28,46.51,IDLE
1770165743.6013854,41.28,46.51,IDLE
1770165743.8429272,41.28,46.52,IDLE
1770165744.0841644,41.28,46.51,IDLE
1770165744.3269281,41.27,46.55,IDLE
1770165744.5678968,41.30,46.55,IDLE
1770165744.8105223,41.26,46.49,IDLE
1770165745.051833,41.28,46.55,IDLE
1770165745.2939723,41.27,46.49,IDLE
1770165745.5350268,41.28,46.53,IDLE
1770165745.7774124,41.26,46.51,IDLE
1770165746.0196013,41.26,46.52,IDLE
1770165746.261157,41.28,46.53,IDLE
1770165746.502961,41.28,46.53,IDLE
1770165746.7441638,41.27,46.45,IDLE
1770165746.985919,41.26,46.48,IDLE
1770165747.2274437,41.30,46.50,IDLE
1770165747.469276,41.27,46.48,IDLE
1770165747.7112734,41.28,46.48,IDLE
1770165747.953122,41.28,46.47,IDLE
1770165748.1948652,41.27,46.45,IDLE
1770165748.4371617,41.26,46.50,IDLE
1770165748.679,41.28,46.46,IDLE
1770165748.9206505,41.27,46.51,IDLE
1770165749.1625464,41.27,46.50,IDLE
1770165749.4034176,41.26,46.47,IDLE
1770165749.6460629,41.27,46.45,IDLE
1770165749.8870041,41.26,46.44,IDLE
1770165750.1291213,41.28,46.45,IDLE
1770165750.371308,41.29,46.44,IDLE
1770165750.6126955,41.30,46.46,IDLE
1770165750.8540912,41.28,46.42,IDLE
1770165751.0967784,41.28,46.45,IDLE
1770165751.3384387,41.29,46.44,IDLE
1770165751.580223,41.28,46.43,IDLE
1770165751.8211944,41.29,46.43,IDLE
1770165752.063363,41.30,46.43,IDLE
1770165752.3048322,41.28,46.42,IDLE
1770165752.5468266,41.28,46.43,IDLE
1770165752.7885425,41.30,46.40,IDLE
1770165753.0308597,41.28,46.39,IDLE
1770165753.2721925,41.29,46.38,IDLE
1770165753.5144584,41.29,46.38,IDLE
1770165753.7557938,41.29,46.37,IDLE
1770165753.9980023,41.29,46.39,IDLE
1770165754.2391796,41.28,46.43,IDLE
1770165754.4812396,41.31,46.39,IDLE
1770165754.7228687,41.29,46.36,IDLE
1770165754.9651186,41.29,46.38,IDLE
1770165755.2069921,41.29,46.38,IDLE
1770165755.4490757,41.30,46.40,IDLE
1770165755.6904337,41.30,46.41,IDLE
1770165755.932446,41.30,46.40,IDLE
1770165756.173968,41.29,46.37,IDLE
1770165756.41536,41.29,46.37,IDLE
1770165756.6569817,41.29,46.41,IDLE
1770165756.8986282,41.30,46.39,IDLE
1770165757.1404521,41.28,46.36,IDLE
1770165757.3823438,41.30,46.41,IDLE
1770165757.6238434,41.28,46.37,IDLE
1770165757.8662176,41.30,46.41,IDLE
1770165758.107713,41.29,46.36,IDLE
1770165758.3501165,41.29,46.41,IDLE
1770165758.5907326,41.30,46.36,IDLE
1770165758.832699,41.29,46.36,IDLE
1770165759.0746944,41.29,46.40,IDLE
1770165759.3165078,41.30,46.39,IDLE
1770165759.558811,41.31,46.40,IDLE
1770165759.8001056,41.30,46.40,IDLE
1770165760.0419447,41.31,46.38,IDLE
1770165760.2836108,41.32,46.41,IDLE
1770165760.525123,41.30,46.44,IDLE
1770165760.766789,41.30,46.43,IDLE
1770165761.008899,41.30,46.44,IDLE
1770165761.2506654,41.29,46.44,IDLE
1770165761.4925437,41.31,46.47,IDLE
1770165761.7339785,41.32,46.42,IDLE
1770165761.9761002,41.32,46.42,IDLE
1770165762.2175832,41.32,46.44,IDLE
1770165762.4595716,41.31,46.46,IDLE
1770165762.7014208,41.31,46.43,IDLE
1770165762.9436479,41.31,46.44,IDLE
1770165763.1848419,41.30,46.45,IDLE
1770165763.426645,41.31,46.44,IDLE
1770165763.6683733,41.31,46.44,IDLE
1770165763.9106562,41.34,46.40,IDLE
1770165764.1525161,41.33,46.44,IDLE
1770165764.394318,41.32,46.42,IDLE
1770165764.6361175,41.32,46.46,IDLE
1770165764.8777788,41.33,46.41,IDLE
1770165765.119475,41.33,46.39,IDLE
1770165765.3613775,41.33,46.40,IDLE
1770165765.6028497,41.34,46.44,IDLE
1770165765.8444636,41.33,46.44,IDLE
1770165766.086181,41.31,46.42,IDLE
1770165766.327911,41.33,46.42,IDLE
1770165766.5696542,41.32,46.43,IDLE
1770165766.811164,41.33,46.39,IDLE
1770165767.0537202,41.33,46.41,IDLE
1770165767.2950883,41.32,46.42,IDLE
1770165767.5368242,41.32,46.39,IDLE
1770165767.7785773,41.31,46.44,IDLE
1770165768.0206184,41.32,46.41,IDLE
1770165768.2626822,41.33,46.41,IDLE
1770165768.5039437,41.32,46.41,IDLE
1770165768.7462902,41.33,46.41,IDLE
1770165768.987244,41.34,46.44,IDLE
1770165769.2288191,41.33,46.41,IDLE
1770165769.4711812,41.32,46.43,IDLE
1770165769.7133226,41.34,46.43,IDLE
1770165769.954616,41.34,46.41,IDLE
1770165770.197335,41.34,46.39,IDLE
1770165770.438056,41.34,46.43,IDLE
1770165770.6810968,41.33,46.46,IDLE
1770165770.9216552,41.32,46.44,IDLE
1770165771.1634555,41.36,46.41,IDLE
1770165771.4051626,41.34,46.41,IDLE
1770165771.6473093,41.36,46.40,IDLE
1770165771.8888278,41.33,46.43,IDLE
1770165772.1302905,41.34,46.41,IDLE
1770165772.3724282,41.35,46.40,IDLE
1770165772.6136315,41.34,46.43,IDLE
1770165772.8563766,41.34,46.42,IDLE
1770165773.0984674,41.33,46.41,IDLE
1770165773.3399775,41.34,46.37,IDLE
1770165773.5816424,41.34,46.40,IDLE
1770165773.82262,41.35,46.39,IDLE
1770165774.065165,41.34,46.41,IDLE
1770165774.3069508,41.34,46.37,IDLE
1770165774.5479603,41.33,46.39,IDLE
1770165774.7905397,41.34,46.42,IDLE
1770165775.0323489,41.35,46.44,IDLE
1770165775.2740533,41.34,46.42,IDLE
1770165775.5151262,41.34,46.38,IDLE
1770165775.7574227,41.33,46.35,IDLE
1770165775.9986484,41.34,46.36,IDLE
1770165776.2399936,41.33,46.34,IDLE
1770165776.4820821,41.34,46.36,IDLE
1770165776.723722,41.34,46.37,IDLE
1770165776.9660828,41.32,46.32,IDLE
1770165777.2075145,41.32,46.33,IDLE
1770165777.453285,41.34,46.39,IDLE
1770165777.691887,41.33,46.34,IDLE
1770165777.9323785,41.33,46.34,IDLE
1770165778.1754286,41.32,46.34,IDLE
1770165778.417078,41.33,46.34,IDLE
1770165778.6579866,41.31,46.34,IDLE
1770165778.89961,41.31,46.34,IDLE
1770165779.1425493,41.33,46.34,IDLE
1770165779.3844893,41.32,46.31,IDLE
1770165779.62485,41.33,46.34,IDLE
1770165779.8666902,41.31,46.32,IDLE
1770165780.1095839,41.32,46.32,IDLE
1770165780.3502553,41.31,46.31,IDLE
1770165780.5931268,41.31,46.31,IDLE
1770165780.8342686,41.32,46.32,IDLE
1770165781.075639,41.32,46.36,IDLE
1770165781.317846,41.30,46.31,IDLE
1770165781.559693,41.30,46.29,IDLE
1770165781.8015015,41.33,46.36,IDLE
1770165782.0435822,41.32,46.36,IDLE
1770165782.285024,41.31,46.27,IDLE
1770165782.526923,41.31,46.27,IDLE
1770165782.7685773,41.31,46.30,IDLE
1770165783.010432,41.32,46.26,IDLE
1770165783.2521744,41.30,46.34,IDLE
1770165783.4939864,41.30,46.30,IDLE
1770165783.735761,41.31,46.31,IDLE
1770165783.978068,41.31,46.29,IDLE
1770165784.2190645,41.29,46.28,IDLE
1770165784.4618733,41.31,46.34,IDLE
1770165784.702889,41.31,46.30,IDLE
1770165784.944824,41.30,46.26,IDLE
1770165785.1868289,41.30,46.27,IDLE
1770165785.4284608,41.30,46.29,IDLE
1770165785.669361,41.28,46.28,IDLE
1770165785.9116576,41.31,46.30,IDLE
1770165786.1534142,41.30,46.31,IDLE
1770165786.3948915,41.30,46.31,IDLE
1770165786.637109,41.31,46.30,IDLE
1770165786.878571,41.29,46.29,IDLE
1770165787.1211023,41.31,46.30,IDLE
1770165787.362637,41.31,46.28,IDLE
1770165787.603585,41.31,46.30,IDLE
1770165787.8459072,41.31,46.33,IDLE
1770165788.0877469,41.30,46.33,IDLE
1770165788.3299963,41.32,46.30,IDLE
1770165788.5707266,41.31,46.33,IDLE
1770165788.8126602,41.30,46.32,IDLE
1770165789.0547767,41.32,46.33,IDLE
1770165789.2961953,41.32,46.30,IDLE
1770165789.5383377,41.28,46.29,IDLE
1770165789.7798872,41.32,46.29,IDLE
1770165790.0213654,41.30,46.33,IDLE
1770165790.2634063,41.31,46.32,IDLE
1770165790.505871,41.32,46.32,IDLE
1770165790.746964,41.32,46.35,IDLE
1770165790.9894862,41.31,46.29,IDLE
1770165791.2304702,41.31,46.33,IDLE
1770165791.4725063,41.31,46.30,IDLE
1770165791.714152,41.30,46.28,IDLE
1770165791.9560971,41.32,46.28,IDLE
1770165792.1975443,41.32,46.30,IDLE
1770165792.439594,41.32,46.29,IDLE
1770165792.6816692,41.32,46.32,IDLE
1770165792.9231508,41.33,46.32,IDLE
1770165793.1651418,41.33,46.32,IDLE
1770165793.4062338,41.34,46.35,IDLE
1770165793.6489694,41.30,46.34,IDLE
1770165793.8908226,41.34,46.32,IDLE
1770165794.1325386,41.33,46.34,IDLE
1770165794.3735507,41.31,46.29,IDLE
1770165794.6149297,41.35,46.30,IDLE
1770165794.857066,41.34,46.34,IDLE
1770165795.0995958,41.33,46.32,IDLE
1770165795.341386,41.35,46.33,IDLE
1770165795.582254,41.32,46.29,IDLE
1770165795.8249083,41.33,46.34,IDLE
1770165796.0667558,41.33,46.30,IDLE
1770165796.308557,41.34,46.27,IDLE
1770165796.5498283,41.34,46.34,IDLE
1770165796.7914727,41.33,46.29,IDLE
1770165797.0333874,41.33,46.32,IDLE
1770165797.2756002,41.36,46.34,IDLE
1770165797.5168524,41.35,46.33,IDLE
1770165797.759129,41.34,46.34,IDLE
1770165798.0004077,41.34,46.32,IDLE
1770165798.2421134,41.34,46.34,IDLE
1770165798.4839954,41.33,46.32,IDLE
1770165798.7257175,41.35,46.35,IDLE
1770165798.9672215,41.33,46.32,IDLE
1770165799.2098103,41.34,46.33,IDLE
1770165799.4511354,41.34,46.34,IDLE
1770165799.692864,41.34,46.33,IDLE
1770165799.934185,41.36,46.34,IDLE
1770165800.177129,41.36,46.32,IDLE
1770165800.4186566,41.34,46.31,IDLE
1770165800.6604533,41.34,46.30,IDLE
1770165800.9021547,41.34,46.30,IDLE
1770165801.1439896,41.34,46.31,IDLE
1770165801.3849924,41.36,46.35,IDLE
1770165801.6270452,41.36,46.34,IDLE
1770165801.8692596,41.36,46.36,IDLE
1770165802.111125,41.36,46.37,IDLE
1770165802.3528137,41.35,46.30,IDLE
1770165802.594509,41.35,46.32,IDLE
1770165802.835828,41.34,46.29,IDLE
1770165803.0773907,41.35,46.32,IDLE
1770165803.319314,41.37,46.34,IDLE
1770165803.5619376,41.37,46.31,IDLE
1770165803.8026187,41.35,46.29,IDLE
1770165804.044453,41.36,46.32,IDLE
1770165804.2870185,41.35,46.29,IDLE
1770165804.5281744,41.36,46.27,IDLE
1770165804.7706308,41.36,46.28,IDLE
1770165805.0115218,41.35,46.30,IDLE
1770165805.2541578,41.36,46.29,IDLE
1770165805.4959278,41.36,46.29,IDLE
1770165805.7372298,41.36,46.33,IDLE
1770165805.9786527,41.37,46.31,IDLE
1770165806.2209027,41.36,46.33,IDLE
1770165806.4632728,41.34,46.28,IDLE
1770165806.704837,41.35,46.35,IDLE
1770165806.945706,41.36,46.31,IDLE
1770165807.187843,41.35,46.29,IDLE
1770165807.4296007,41.35,46.29,IDLE
1770165807.6709716,41.36,46.29,IDLE
1770165807.9130857,41.35,46.27,IDLE
1770165808.1554244,41.34,46.28,IDLE
1770165808.3972497,41.35,46.31,IDLE
1770165808.6389859,41.36,46.31,IDLE
1770165808.8799021,41.35,46.30,IDLE
1770165809.1225126,41.36,46.31,IDLE
1770165809.3637698,41.37,46.30,IDLE
1770165809.605984,41.36,46.33,IDLE
1770165809.847448,41.35,46.29,IDLE
1770165810.088781,41.37,46.36,IDLE
1770165810.3314085,41.36,46.30,IDLE
1770165810.5724285,41.35,46.31,IDLE
1770165810.8149238,41.37,46.29,IDLE
1770165811.0556536,41.37,46.29,IDLE
1770165811.2976792,41.36,46.29,IDLE
1770165811.5403366,41.37,46.33,IDLE
1770165811.7820983,41.36,46.27,IDLE
1770165812.023351,41.37,46.31,IDLE
1770165812.265874,41.37,46.33,IDLE
1770165812.5068123,41.39,46.26,IDLE
1770165812.7483437,41.36,46.29,IDLE
1770165812.9904134,41.37,46.26,IDLE
1770165813.2326293,41.38,46.26,IDLE
1770165813.4741087,41.38,46.31,IDLE
1770165813.7150834,41.38,46.29,IDLE
1770165813.9576108,41.37,46.31,IDLE
1770165814.1993454,41.40,46.32,IDLE
1770165814.4415357,41.39,46.35,IDLE
1770165814.6829915,41.40,46.30,IDLE
1770165814.9250715,41.39,46.28,IDLE
1770165815.1664119,41.37,46.31,IDLE
1770165815.4085863,41.38,46.31,IDLE
1770165815.650492,41.39,46.30,IDLE
1770165815.892194,41.39,46.30,IDLE
1770165816.1339881,41.40,46.29,IDLE
1770165816.3754058,41.41,46.32,IDLE
1770165816.6170118,41.41,46.33,IDLE
1770165816.85913,41.40,46.28,IDLE
1770165817.1010342,41.38,46.30,IDLE
1770165817.3432243,41.39,46.32,IDLE
1770165817.5840569,41.40,46.28,IDLE
1770165817.825622,41.40,46.27,IDLE
1770165818.0677028,41.40,46.29,IDLE
1770165818.3102503,41.39,46.30,IDLE
1770165818.5509584,41.38,46.29,IDLE
1770165818.7927814,41.39,46.28,IDLE
1770165819.0352747,41.41,46.29,IDLE
1770165819.2763777,41.42,46.28,IDLE
1770165819.5187974,41.40,46.27,IDLE
1770165819.7601945,41.41,46.28,IDLE
1770165820.0023634,41.40,46.26,IDLE
1770165820.2440054,41.39,46.30,IDLE
1770165820.4855034,41.41,46.25,IDLE
1770165820.7272573,41.41,46.29,IDLE
1770165820.9690728,41.39,46.20,IDLE
1770165821.211295,41.41,46.30,IDLE
1770165821.4526036,41.40,46.27,IDLE
1770165821.6942248,41.39,46.25,IDLE
1770165821.9365811,41.40,46.25,IDLE
1770165822.177928,41.40,46.21,IDLE
1770165822.419757,41.40,46.24,IDLE
1770165822.6618571,41.40,46.27,IDLE
1770165822.9031284,41.40,46.22,IDLE
1770165823.1454113,41.42,46.25,IDLE
1770165823.3867023,41.41,46.23,IDLE
1770165823.6289692,41.40,46.23,IDLE
1770165823.870773,41.38,46.22,IDLE
1770165824.1119606,41.39,46.24,IDLE
1770165824.3537679,41.40,46.25,IDLE
1770165824.5952005,41.40,46.25,IDLE
1770165824.8370478,41.40,46.24,IDLE
1770165825.0790715,41.40,46.27,IDLE
1770165825.3213706,41.39,46.26,IDLE
1770165825.5624247,41.42,46.23,IDLE
1770165825.805011,41.40,46.25,IDLE
1770165826.0461066,41.40,46.22,IDLE
1770165826.2885356,41.39,46.21,IDLE
1770165826.530165,41.41,46.23,IDLE
1770165826.7720025,41.40,46.22,IDLE
1770165827.0141056,41.41,46.22,IDLE
1770165827.255147,41.40,46.22,IDLE
1770165827.4969804,41.41,46.23,IDLE
1770165827.7387898,41.41,46.26,IDLE
1770165827.981035,41.41,46.24,IDLE
1770165828.2214992,41.41,46.27,IDLE
1770165828.4641438,41.40,46.23,IDLE
1770165828.7063265,41.40,46.23,IDLE
1770165828.9475663,41.40,46.29,IDLE
1770165829.1898336,41.40,46.25,IDLE
1770165829.4308069,41.40,46.27,IDLE
1770165829.6722794,41.39,46.28,IDLE
1770165829.9140518,41.39,46.29,IDLE
1770165830.1563668,41.40,46.28,IDLE
1770165830.3978674,41.40,46.22,IDLE
1770165830.639469,41.41,46.25,IDLE
1770165830.882188,41.41,46.28,IDLE
1770165831.1236172,41.40,46.27,IDLE
1770165831.364756,41.40,46.29,IDLE
1770165831.6065247,41.40,46.33,IDLE
1770165831.848189,41.40,46.26,IDLE
1770165832.0901797,41.41,46.32,IDLE
1770165832.3323653,41.42,46.30,IDLE
1770165832.5741098,41.40,46.30,IDLE
1770165832.8158712,41.42,46.29,IDLE
1770165833.0574954,41.41,46.32,IDLE
1770165833.299498,41.42,46.32,IDLE
1770165833.5417693,41.41,46.30,IDLE
1770165833.7830486,41.41,46.30,IDLE
1770165834.0246553,41.42,46.30,IDLE
1770165834.2665794,41.42,46.29,IDLE
1770165834.5083368,41.43,46.30,IDLE
1770165834.7502685,41.40,46.30,IDLE
1770165834.9919043,41.43,46.29,IDLE
1770165835.2337158,41.39,46.29,IDLE
1770165835.4756544,41.41,46.34,IDLE
1770165835.7171881,41.42,46.30,IDLE
1770165835.9591599,41.43,46.28,IDLE
1770165836.2008295,41.40,46.30,IDLE
1770165836.442591,41.43,46.33,IDLE
1770165836.6842406,41.42,46.29,IDLE
1770165836.925673,41.41,46.27,IDLE
1770165837.167413,41.41,46.29,IDLE
1770165837.4090278,41.41,46.32,IDLE
1770165837.651374,41.42,46.32,IDLE
1770165837.893036,41.42,46.30,IDLE
1770165838.1350951,41.42,46.33,IDLE
1770165838.3768067,41.42,46.30,IDLE
1770165838.618278,41.43,46.31,IDLE
1770165838.8608081,41.44,46.29,IDLE
1770165839.1026533,41.44,46.26,IDLE
1770165839.344344,41.42,46.29,IDLE
1770165839.5861511,41.43,46.30,IDLE
1770165839.8275852,41.43,46.29,IDLE
1770165840.069687,41.43,46.26,IDLE
1770165840.3118231,41.45,46.26,IDLE
1770165840.5532608,41.46,46.28,IDLE
1770165840.794226,41.44,46.29,IDLE
1770165841.0367649,41.45,46.22,IDLE
1770165841.2786674,41.45,46.25,IDLE
1770165841.5203986,41.44,46.26,IDLE
1770165841.7621136,41.46,46.27,IDLE
1770165842.0032644,41.46,46.28,IDLE
1770165842.245704,41.46,46.26,IDLE
1770165842.4869533,41.46,46.26,IDLE
1770165842.7291272,41.46,46.27,IDLE
1770165842.9704368,41.47,46.28,IDLE
1770165843.2120478,41.45,46.30,IDLE
1770165843.454054,41.46,46.22,IDLE
1770165843.6951797,41.47,46.28,IDLE
1770165843.9458294,41.47,46.25,IDLE
1770165844.1792104,41.47,46.26,IDLE
1770165844.4223344,41.47,46.24,IDLE
1770165844.662245,41.47,46.26,IDLE
1770165844.9040508,41.47,46.24,IDLE
1770165845.1469865,41.45,46.24,IDLE
1770165845.3876328,41.49,46.24,IDLE
1770165845.630472,41.47,46.23,IDLE
1770165845.871556,41.45,46.21,IDLE
1770165846.1134238,41.47,46.23,IDLE
1770165846.3546894,41.46,46.21,IDLE
1770165846.5971162,41.45,46.22,IDLE
1770165846.8382301,41.47,46.20,IDLE
1770165847.0811434,41.47,46.20,IDLE
1770165847.3231587,41.48,46.17,IDLE
1770165847.563885,41.46,46.22,IDLE
1770165847.806455,41.46,46.24,IDLE
1770165848.0478477,41.47,46.18,IDLE
1770165848.2892227,41.47,46.18,IDLE
1770165848.5313823,41.45,46.19,IDLE
1770165848.773176,41.47,46.19,IDLE
1770165849.0149102,41.45,46.19,IDLE
1770165849.2565556,41.47,46.18,IDLE
1770165849.498935,41.46,46.22,IDLE
1770165849.7399945,41.46,46.14,IDLE
1770165849.982005,41.48,46.19,IDLE
1770165850.223758,41.46,46.17,IDLE
1770165850.4660144,41.46,46.22,IDLE
1770165850.7066488,41.46,46.21,IDLE
1770165850.9485016,41.45,46.21,IDLE
1770165851.190445,41.45,46.17,IDLE
1770165851.432061,41.48,46.21,IDLE
1770165851.6739328,41.47,46.20,IDLE
1770165851.9156787,41.45,46.19,IDLE
1770165852.1574917,41.46,46.18,IDLE
1770165852.3991058,41.47,46.17,IDLE
1770165852.6412172,41.47,46.16,IDLE
1770165852.8826303,41.47,46.21,IDLE
1770165853.124715,41.45,46.16,IDLE
1770165853.3663146,41.47,46.19,IDLE
1770165853.6082957,41.46,46.11,IDLE
1770165853.8503263,41.46,46.14,IDLE
1770165854.0921116,41.47,46.11,IDLE
1770165854.3339303,41.47,46.15,IDLE
1770165854.5751557,41.45,46.13,IDLE
1770165854.8175075,41.46,46.13,IDLE
1770165855.05918,41.45,46.11,IDLE
1770165855.3014123,41.47,46.18,IDLE
1770165855.5428445,41.48,46.15,IDLE
1770165855.7850647,41.45,46.13,IDLE
1770165856.0268397,41.46,46.14,IDLE
1770165856.26862,41.46,46.12,IDLE
1770165856.5096176,41.48,46.09,IDLE
1770165856.7521615,41.47,46.15,IDLE
1770165856.9934094,41.47,46.12,IDLE
1770165857.2351928,41.46,46.15,IDLE
1770165857.476971,41.46,46.11,IDLE
1770165857.718026,41.47,46.12,IDLE
1770165857.9609587,41.47,46.14,IDLE
1770165858.2022946,41.46,46.10,IDLE
1770165858.444037,41.47,46.09,IDLE
1770165858.6858945,41.48,46.10,IDLE
1770165858.9273918,41.49,46.10,IDLE
1770165859.1693754,41.48,46.11,IDLE
1770165859.4112244,41.49,46.11,IDLE
1770165859.6534595,41.48,46.12,IDLE
1770165859.894861,41.48,46.10,IDLE
1770165860.1364844,41.49,46.11,IDLE
1770165860.3787405,41.49,46.08,IDLE
1770165860.621344,41.48,46.12,IDLE
1770165860.8617723,41.49,46.08,IDLE
1770165861.1041577,41.51,46.16,IDLE
1770165861.345856,41.48,46.09,IDLE
1770165861.5876956,41.51,46.12,IDLE
1770165861.829419,41.50,46.07,IDLE
1770165862.0707326,41.47,46.10,IDLE
1770165862.312976,41.49,46.05,IDLE
1770165862.5547159,41.47,46.06,IDLE
1770165862.7965167,41.48,46.07,IDLE
1770165863.0378184,41.49,46.06,IDLE
1770165863.2795997,41.50,46.06,IDLE
1770165863.521429,41.48,46.07,IDLE
1770165863.76318,41.49,46.05,IDLE
1770165864.0053906,41.48,46.07,IDLE
1770165864.2467728,41.48,46.03,IDLE
1770165864.4881086,41.49,46.05,IDLE
1770165864.7301562,41.48,46.05,IDLE
1770165864.9725065,41.49,46.05,IDLE
1770165865.2142136,41.49,46.05,IDLE
1770165865.455646,41.49,46.02,IDLE
1770165865.697812,41.51,46.03,IDLE
1770165865.9394555,41.51,46.04,IDLE
1770165866.1813664,41.48,46.01,IDLE
1770165866.4223332,41.48,46.02,IDLE
1770165866.6637702,41.49,46.01,IDLE
1770165866.9068437,41.50,46.01,IDLE
1770165867.14812,41.49,46.02,IDLE
1770165867.3902664,41.50,45.96,IDLE
1770165867.6320097,41.49,46.05,IDLE
1770165867.873734,41.51,45.98,IDLE
1770165868.1155453,41.48,45.97,IDLE
1770165868.3565404,41.49,45.99,IDLE
1770165868.5987532,41.49,45.99,IDLE
1770165868.8400493,41.50,45.94,IDLE
1770165869.0822895,41.51,45.97,IDLE
1770165869.3233602,41.50,45.97,IDLE
1770165869.5656416,41.48,45.92,IDLE
1770165869.8074925,41.50,45.98,IDLE
1770165870.0493243,41.50,45.96,IDLE
1770165870.2904408,41.50,45.98,IDLE
1770165870.5333414,41.50,45.95,IDLE
1770165870.7747464,41.50,45.97,IDLE
1770165871.0168467,41.50,45.99,IDLE
1770165871.2582586,41.51,45.98,IDLE
1770165871.5004404,41.51,46.00,IDLE
1770165871.7421963,41.51,45.99,IDLE
1770165871.9834456,41.52,45.97,IDLE
1770165872.22497,41.50,45.94,IDLE
1770165872.466918,41.50,45.94,IDLE
1770165872.7087436,41.50,45.94,IDLE
1770165872.9498327,41.51,45.96,IDLE
1770165873.1919174,41.50,45.95,IDLE
1770165873.4342282,41.51,45.90,IDLE
1770165873.6763098,41.50,45.92,IDLE
1770165873.9174752,41.51,45.93,IDLE
1770165874.158714,41.51,45.92,IDLE
1770165874.401589,41.52,45.93,IDLE
1770165874.6425076,41.53,45.94,IDLE
1770165874.884816,41.51,45.94,IDLE
1770165875.1264925,41.52,45.94,IDLE
1770165875.3678715,41.51,45.91,IDLE
1770165875.6099408,41.51,45.89,IDLE
1770165875.851836,41.52,45.91,IDLE
1770165876.0937083,41.50,45.87,IDLE
1770165876.3347895,41.52,45.91,IDLE
1770165876.57711,41.51,45.89,IDLE
1770165876.8190076,41.51,45.89,IDLE
1770165877.060733,41.52,45.89,IDLE
1770165877.303314,41.52,45.89,IDLE
1770165877.5444224,41.53,45.91,IDLE
1770165877.7864006,41.52,45.91,IDLE
1770165878.0275424,41.50,45.90,IDLE
1770165878.2696493,41.53,45.88,IDLE
1770165878.5110502,41.52,45.89,IDLE
1770165878.753507,41.54,45.90,IDLE
1770165878.9953797,41.53,45.88,IDLE
1770165879.236844,41.53,45.86,IDLE
1770165879.4787438,41.53,45.91,IDLE
1770165879.720418,41.56,45.88,IDLE
1770165879.9624543,41.52,45.90,IDLE
1770165880.2035456,41.53,45.87,IDLE
1770165880.4458966,41.55,45.87,IDLE
1770165880.6873305,41.54,45.90,IDLE
1770165880.9284477,41.55,45.86,IDLE
1770165881.1713886,41.55,45.84,IDLE
1770165881.4131498,41.54,45.87,IDLE
1770165881.654762,41.56,45.87,IDLE
1770165881.89618,41.59,45.90,IDLE
1770165882.137732,41.56,45.88,IDLE
1770165882.379762,41.56,45.92,IDLE
1770165882.6214802,41.56,45.87,IDLE
1770165882.8632798,41.56,45.88,IDLE
1770165883.1049325,41.55,45.89,IDLE
1770165883.3469265,41.55,45.86,IDLE
1770165883.5886638,41.56,45.86,IDLE
1770165883.8304064,41.55,45.86,IDLE
1770165884.071787,41.57,45.86,IDLE
1770165884.3145308,41.56,45.86,IDLE
1770165884.5555403,41.56,45.89,IDLE
1770165884.7974892,41.58,45.88,IDLE
1770165885.0386074,41.55,45.91,IDLE
1770165885.2806785,41.57,45.86,IDLE
1770165885.5224366,41.57,45.89,IDLE
1770165885.7646003,41.55,45.87,IDLE
1770165886.0063567,41.57,45.88,IDLE
1770165886.248076,41.59,45.84,IDLE
1770165886.489986,41.56,45.86,IDLE
1770165886.7316022,41.56,45.90,IDLE
1770165886.9734554,41.57,45.85,IDLE
1770165887.2152226,41.56,45.85,IDLE
1770165887.457568,41.58,45.81,IDLE
1770165887.6997557,41.60,45.85,IDLE
1770165887.9410605,41.59,45.87,IDLE
1770165888.182163,41.57,45.83,IDLE
1770165888.424645,41.57,45.84,IDLE
1770165888.6664042,41.58,45.82,IDLE
1770165888.9081268,41.56,45.80,IDLE
1770165889.14998,41.59,45.83,IDLE
1770165889.391528,41.58,45.83,IDLE
1770165889.633491,41.58,45.85,IDLE
1770165889.8749459,41.58,45.83,IDLE
1770165890.1162708,41.59,45.85,IDLE
1770165890.3580732,41.58,45.81,IDLE
1770165890.6000714,41.58,45.81,IDLE
1770165890.842256,41.56,45.85,IDLE
1770165891.083638,41.60,45.82,IDLE
1770165891.3259015,41.59,45.83,IDLE
1770165891.5671287,41.57,45.82,IDLE
1770165891.8091457,41.57,45.86,IDLE
1770165892.0511746,41.59,45.87,IDLE
1770165892.2925482,41.59,45.84,IDLE
1770165892.5342572,41.58,45.84,IDLE
1770165892.7761085,41.59,45.88,IDLE
1770165893.0182514,41.59,45.82,IDLE
1770165893.260083,41.58,45.84,IDLE
1770165893.5019999,41.56,45.88,IDLE
1770165893.7436664,41.57,45.86,IDLE
1770165893.9846802,41.58,45.83,IDLE
1770165894.2271526,41.58,45.85,IDLE
1770165894.4689238,41.60,45.85,IDLE
1770165894.710643,41.59,45.82,IDLE
1770165894.9520335,41.58,45.88,IDLE
1770165895.1937938,41.59,45.85,IDLE
1770165895.4357328,41.57,45.86,IDLE
1770165895.677898,41.59,45.86,IDLE
1770165895.920111,41.58,45.84,IDLE
1770165896.1614099,41.60,45.87,IDLE
1770165896.4025142,41.60,45.90,IDLE
1770165896.6449714,41.60,45.87,IDLE
1770165896.8866482,41.58,45.87,IDLE
1770165897.1281385,41.60,45.88,IDLE
1770165897.3697371,41.61,45.88,IDLE
1770165897.6120548,41.59,45.86,IDLE
1770165897.8533297,41.60,45.93,IDLE
1770165898.0949674,41.61,45.88,IDLE
1770165898.3369534,41.59,45.88,IDLE
1770165898.5793748,41.59,45.89,IDLE
1770165898.8204741,41.60,45.86,IDLE
1770165899.0622628,41.59,45.88,IDLE
1770165899.3040302,41.61,45.89,IDLE
1770165899.5457215,41.61,45.89,IDLE
1770165899.7871938,41.59,45.86,IDLE
1770165900.0292315,41.61,45.84,IDLE
1770165900.2711532,41.62,45.89,IDLE
1770165900.513376,41.62,45.86,IDLE
1770165900.755141,41.61,45.87,IDLE
1770165900.9968607,41.61,45.89,IDLE
1770165901.2390182,41.62,45.90,IDLE
1770165901.4792502,41.62,45.92,IDLE
1770165901.72224,41.61,45.89,IDLE
1770165901.9640093,41.61,45.91,IDLE
1770165902.2057874,41.60,45.91,IDLE
1770165902.4476244,41.61,45.88,IDLE
1770165902.6884198,41.60,45.92,IDLE
1770165902.931133,41.60,45.89,IDLE
1770165903.1721966,41.60,45.89,IDLE
1770165903.414143,41.61,45.93,IDLE
1770165903.655306,41.60,45.91,IDLE
1770165903.8972254,41.62,45.91,IDLE
1770165904.139009,41.60,45.92,IDLE
1770165904.3814533,41.60,45.93,IDLE
1770165904.6223578,41.61,45.91,IDLE
1770165904.8649833,41.61,45.94,IDLE
1770165905.106462,41.60,45.90,IDLE
1770165905.347807,41.59,45.93,IDLE
1770165905.5895615,41.60,45.91,IDLE
1770165905.8321497,41.62,45.93,IDLE
1770165906.0738122,41.62,45.93,IDLE
1770165906.3154526,41.60,45.97,IDLE
1770165906.5567358,41.61,45.95,IDLE
1770165906.7991245,41.61,45.95,IDLE
1770165907.0408175,41.62,45.94,IDLE
1770165907.282277,41.58,45.90,IDLE
1770165907.5245469,41.60,45.93,IDLE
1770165907.765528,41.60,45.90,IDLE
1770165908.0074058,41.61,45.93,IDLE
1770165908.2490056,41.61,45.94,IDLE
1770165908.4916437,41.61,45.90,IDLE
1770165908.7336423,41.61,45.91,IDLE
1770165908.9750535,41.61,45.89,IDLE
1770165909.2234054,41.62,45.92,IDLE
1770165909.458986,41.61,45.89,IDLE
1770165909.7007782,41.59,45.86,IDLE
1770165909.942361,41.59,45.87,IDLE
1770165910.1837862,41.62,45.88,IDLE
1770165910.4255862,41.59,45.88,IDLE
1770165910.6670792,41.60,45.89,IDLE
1770165910.9095876,41.59,45.88,IDLE
1770165911.1502552,41.59,45.89,IDLE
1770165911.3924124,41.61,45.92,IDLE
1770165911.6344433,41.59,45.87,IDLE
1770165911.8763714,41.59,45.88,IDLE
1770165912.1181118,41.59,45.88,IDLE
1770165912.3595302,41.60,45.87,IDLE
1770165912.6015751,41.56,45.86,IDLE
1770165912.8443959,41.61,45.85,IDLE
1770165913.0856264,41.60,45.88,IDLE
1770165913.326883,41.59,45.91,IDLE
1770165913.5691547,41.60,45.87,IDLE
1770165913.8108394,41.60,45.89,IDLE
1770165914.051546,41.60,45.88,IDLE
1770165914.2946918,41.62,45.90,IDLE
1770165914.5359044,41.62,45.88,IDLE
1770165914.7772326,41.62,45.88,IDLE
1770165915.0192785,41.60,45.94,IDLE
1770165915.2610786,41.60,45.88,IDLE
1770165915.5033574,41.60,45.91,IDLE
1770165915.7451236,41.61,45.91,IDLE
1770165915.9870417,41.61,45.91,IDLE
1770165916.2287052,41.59,45.89,IDLE
1770165916.4705746,41.62,45.88,IDLE
1770165916.7122312,41.60,45.87,IDLE
1770165916.9535835,41.60,45.90,IDLE
1770165917.1953025,41.60,45.93,IDLE
1770165917.4370077,41.59,45.87,IDLE
1770165917.6784096,41.60,45.88,IDLE
1770165917.920561,41.59,45.86,IDLE
1770165918.162441,41.61,45.82,IDLE
1770165918.4047842,41.62,45.87,IDLE
1770165918.6459284,41.59,45.88,IDLE
1770165918.887682,41.60,45.90,IDLE
1770165919.1295247,41.62,45.84,IDLE
1770165919.3713393,41.62,45.89,IDLE
1770165919.61358,41.60,45.87,IDLE
1770165919.8550549,41.62,45.84,IDLE
1770165920.0965772,41.63,45.83,IDLE
1770165920.3379798,41.61,45.84,IDLE
1770165920.5802088,41.63,45.83,IDLE
1770165920.8213794,41.62,45.85,IDLE
1770165921.0636358,41.63,45.84,IDLE
1770165921.3048065,41.62,45.82,IDLE
1770165921.547075,41.63,45.81,IDLE
1770165921.7890232,41.62,45.84,IDLE
1770165922.0308444,41.62,45.81,IDLE
1770165922.2725673,41.65,45.81,IDLE
1770165922.5148787,41.62,45.81,IDLE
1770165922.756592,41.64,45.81,IDLE
1770165922.9983356,41.64,45.78,IDLE
1770165923.2401593,41.64,45.77,IDLE
1770165923.481792,41.66,45.81,IDLE
1770165923.7237287,41.65,45.80,IDLE
1770165923.9649682,41.66,45.81,IDLE
1770165924.2067451,41.64,45.78,IDLE
1770165924.449033,41.64,45.76,IDLE
1770165924.6903844,41.64,45.76,IDLE
1770165924.9317727,41.66,45.77,IDLE
1770165925.1737938,41.66,45.73,IDLE
1770165925.4152763,41.65,45.74,IDLE
1770165925.657907,41.66,45.74,IDLE
1770165925.8989997,41.68,45.77,IDLE
1770165926.1414635,41.68,45.74,IDLE
1770165926.3826087,41.67,45.73,IDLE
1770165926.6249566,41.66,45.74,IDLE
1770165926.865799,41.67,45.70,IDLE
1770165927.1080973,41.65,45.67,IDLE
1770165927.3503766,41.65,45.71,IDLE
1770165927.591691,41.68,45.70,IDLE
1770165927.833201,41.68,45.71,IDLE
1770165928.0755887,41.68,45.64,IDLE
1770165928.3177931,41.68,45.66,IDLE
1770165928.5592253,41.67,45.62,IDLE
1770165928.8009028,41.68,45.64,IDLE
1770165929.0427754,41.69,45.63,IDLE
1770165929.2844822,41.68,45.66,IDLE
1770165929.526308,41.67,45.65,IDLE
1770165929.7675567,41.69,45.68,IDLE
1770165930.0098553,41.68,45.57,IDLE
1770165930.2511244,41.68,45.57,IDLE
1770165930.4933984,41.69,45.60,IDLE
1770165930.7351336,41.69,45.59,IDLE
1770165930.9769256,41.69,45.63,IDLE
1770165931.2185135,41.70,45.61,IDLE
1770165931.4605129,41.70,45.57,IDLE
1770165931.7022812,41.68,45.59,IDLE
1770165931.9440444,41.71,45.61,IDLE
1770165932.185779,41.71,45.59,IDLE
1770165932.4275124,41.69,45.61,IDLE
1770165932.668929,41.70,45.59,IDLE
1770165932.9106057,41.69,45.59,IDLE
1770165933.1528823,41.70,45.55,IDLE
1770165933.3948057,41.70,45.55,IDLE
1770165933.6364555,41.70,45.55,IDLE
1770165933.8777404,41.70,45.52,IDLE
1770165934.1193733,41.69,45.51,IDLE
1770165934.3614619,41.69,45.54,IDLE
1770165934.6032279,41.70,45.56,IDLE
1770165934.8453221,41.71,45.54,IDLE
1770165935.0866158,41.70,45.53,IDLE
1770165935.328627,41.71,45.52,IDLE
1770165935.5701625,41.70,45.55,IDLE
1770165935.8122966,41.70,45.54,IDLE
1770165936.0536635,41.69,45.51,IDLE
1770165936.2954545,41.71,45.49,IDLE
1770165936.537177,41.69,45.48,IDLE
1770165936.779072,41.71,45.50,IDLE
1770165937.0207396,41.71,45.53,IDLE
1770165937.2625484,41.71,45.50,IDLE
1770165937.5043902,41.71,45.52,IDLE
1770165937.7464273,41.71,45.54,IDLE
1770165937.9883952,41.69,45.56,IDLE
1770165938.2294977,41.72,45.52,IDLE
1770165938.470905,41.70,45.53,IDLE
1770165938.712911,41.69,45.54,IDLE
1770165938.9549596,41.70,45.49,IDLE
1770165939.1965396,41.71,45.56,IDLE
1770165939.4385116,41.70,45.55,IDLE
1770165939.6801708,41.71,45.55,IDLE
1770165939.9219668,41.71,45.53,IDLE
1770165940.1635873,41.71,45.54,IDLE
1770165940.4061468,41.72,45.56,IDLE
1770165940.646832,41.72,45.55,IDLE
1770165940.8897483,41.71,45.59,IDLE
1770165941.130733,41.72,45.55,IDLE
1770165941.3731863,41.70,45.55,IDLE
1770165941.6145215,41.72,45.53,IDLE
1770165941.856729,41.71,45.52,IDLE
1770165942.098296,41.71,45.59,IDLE
1770165942.3401208,41.72,45.59,IDLE
1770165942.5821385,41.71,45.56,IDLE
1770165942.8229299,41.70,45.56,IDLE
1770165943.0648017,41.72,45.55,IDLE
1770165943.3075283,41.74,45.57,IDLE
1770165943.5487156,41.72,45.60,IDLE
1770165943.7908454,41.75,45.62,IDLE
1770165944.0315616,41.73,45.67,IDLE
1770165944.2744825,41.73,45.62,IDLE
1770165944.5158234,41.71,45.57,IDLE
1770165944.7577214,41.72,45.57,IDLE
1770165944.9992838,41.71,45.59,IDLE
1770165945.2405028,41.72,45.55,IDLE
1770165945.482865,41.73,45.60,IDLE
1770165945.7248087,41.74,45.62,IDLE
1770165945.966405,41.73,45.60,IDLE
1770165946.2082274,41.73,45.60,IDLE
1770165946.4500034,41.72,45.61,IDLE
1770165946.6917405,41.71,45.59,IDLE
1770165946.9333575,41.73,45.59,IDLE
1770165947.1758926,41.72,45.61,IDLE
1770165947.4170773,41.72,45.59,IDLE
1770165947.6594217,41.72,45.62,IDLE
1770165947.9008005,41.71,45.59,IDLE
1770165948.142981,41.73,45.61,IDLE
1770165948.383997,41.73,45.65,IDLE
1770165948.626536,41.72,45.64,IDLE
1770165948.867848,41.72,45.62,IDLE
1770165949.1096094,41.73,45.65,IDLE
1770165949.3509958,41.72,45.65,IDLE
1770165949.5930734,41.72,45.65,IDLE
1770165949.8349643,41.72,45.62,IDLE
1770165950.0771618,41.71,45.65,IDLE
1770165950.3182993,41.71,45.64,IDLE
1770165950.5602005,41.71,45.61,IDLE
1770165950.8024976,41.72,45.62,IDLE
1770165951.04427,41.71,45.61,IDLE
1770165951.2859633,41.71,45.66,IDLE
1770165951.528085,41.71,45.64,IDLE
1770165951.7697942,41.70,45.63,IDLE
1770165952.0102882,41.71,45.60,IDLE
1770165952.2525961,41.71,45.65,IDLE
1770165952.4947739,41.71,45.66,IDLE
1770165952.736219,41.71,45.63,IDLE
1770165952.97794,41.72,45.63,IDLE
1770165953.219453,41.70,45.63,IDLE
1770165953.4621658,41.71,45.63,IDLE
1770165953.7036824,41.70,45.67,IDLE
1770165953.9452229,41.71,45.64,IDLE
1770165954.1872349,41.73,45.67,IDLE
1770165954.4290812,41.70,45.64,IDLE
1770165954.6705089,41.71,45.67,IDLE
1770165954.9117854,41.71,45.65,IDLE
1770165955.1540952,41.70,45.66,IDLE
1770165955.3960621,41.72,45.70,IDLE
1770165955.6379561,41.68,45.65,IDLE
1770165955.8792171,41.71,45.69,IDLE
1770165956.1215549,41.71,45.67,IDLE
1770165956.3628151,41.70,45.71,IDLE
1770165956.6045506,41.68,45.64,IDLE
1770165956.8463073,41.70,45.70,IDLE
1770165957.0881615,41.70,45.71,IDLE
1770165957.329589,41.71,45.67,IDLE
1770165957.571657,41.71,45.66,IDLE
1770165957.8133857,41.70,45.66,IDLE
1770165958.055678,41.69,45.70,IDLE
1770165958.2965195,41.71,45.68,IDLE
1770165958.539259,41.69,45.71,IDLE
1770165958.7805912,41.70,45.66,IDLE
1770165959.022275,41.68,45.64,IDLE
1770165959.2645578,41.71,45.67,IDLE
1770165959.506262,41.69,45.69,IDLE
1770165959.7476153,41.71,45.70,IDLE
1770165959.9899573,41.70,45.68,IDLE
1770165960.2308764,41.69,45.70,IDLE
1770165960.4733987,41.68,45.69,IDLE
1770165960.7151823,41.71,45.68,IDLE
1770165960.9569805,41.71,45.71,IDLE
1770165961.1987972,41.70,45.70,IDLE
1770165961.4403715,41.69,45.71,IDLE
1770165961.6822262,41.69,45.71,IDLE
1770165961.9238014,41.70,45.70,IDLE
1770165962.1660259,41.69,45.71,IDLE
1770165962.4067752,41.72,45.68,IDLE
1770165962.6494734,41.69,45.71,IDLE
1770165962.8911552,41.68,45.68,IDLE
1770165963.1324508,41.70,45.69,IDLE
1770165963.3747225,41.71,45.67,IDLE
1770165963.6161237,41.71,45.68,IDLE
1770165963.857725,41.70,45.70,IDLE
1770165964.0995202,41.72,45.67,IDLE
1770165964.3413658,41.69,45.71,IDLE
1770165964.583017,41.71,45.66,IDLE
1770165964.824858,41.70,45.67,IDLE
1770165965.0668125,41.71,45.62,IDLE
1770165965.3085802,41.70,45.68,IDLE
1770165965.5498989,41.71,45.65,IDLE
1770165965.791889,41.71,45.66,IDLE
1770165966.033187,41.72,45.66,IDLE
1770165966.2754679,41.73,45.64,IDLE
1770165966.5172915,41.73,45.65,IDLE
1770165966.7591352,41.74,45.68,IDLE
1770165967.0008225,41.73,45.67,IDLE
1770165967.2425256,41.72,45.68,IDLE
1770165967.4840686,41.73,45.68,IDLE
1770165967.7265966,41.72,45.60,IDLE
1770165967.9680336,41.73,45.63,IDLE
1770165968.2094026,41.73,45.67,IDLE
1770165968.4519675,41.71,45.62,IDLE
1770165968.6927931,41.72,45.63,IDLE
1770165968.9350996,41.73,45.65,IDLE
1770165969.176974,41.75,45.67,IDLE
1770165969.41908,41.73,45.65,IDLE
1770165969.660872,41.73,45.67,IDLE
1770165969.9026551,41.72,45.61,IDLE
1770165970.1444945,41.73,45.64,IDLE
1770165970.3856366,41.73,45.63,IDLE
1770165970.6277897,41.73,45.70,IDLE
1770165970.8696423,41.72,45.61,IDLE
1770165971.110946,41.73,45.63,IDLE
1770165971.353327,41.73,45.64,IDLE
1770165971.5943894,41.73,45.64,IDLE
1770165971.8368912,41.74,45.68,IDLE
1770165972.0779943,41.75,45.65,IDLE
1770165972.3194818,41.74,45.63,IDLE
1770165972.561535,41.74,45.61,IDLE
1770165972.8036327,41.74,45.56,IDLE
1770165973.0452065,41.73,45.62,IDLE
1770165973.2866352,41.74,45.59,IDLE
1770165973.5286741,41.73,45.59,IDLE
1770165973.770987,41.75,45.61,IDLE
1770165974.0126987,41.75,45.61,IDLE
1770165974.2532866,41.74,45.60,IDLE
1770165974.4955068,41.74,45.58,IDLE
1770165974.7371922,41.74,45.55,IDLE
1770165974.979099,41.73,45.55,IDLE
1770165975.2211404,41.74,45.60,IDLE
1770165975.462622,41.75,45.58,IDLE
1770165975.7039955,41.73,45.59,IDLE
1770165975.9456701,41.76,45.63,IDLE
1770165976.188232,41.75,45.57,IDLE
1770165976.4299352,41.77,45.58,IDLE
1770165976.671815,41.76,45.59,IDLE
1770165976.9128766,41.74,45.54,IDLE
1770165977.1553996,41.74,45.54,IDLE
1770165977.3971431,41.76,45.60,IDLE
1770165977.638227,41.76,45.59,IDLE
1770165977.880621,41.74,45.58,IDLE
1770165978.122287,41.74,45.56,IDLE
1770165978.3635926,41.74,45.54,IDLE
1770165978.6053505,41.76,45.55,IDLE
1770165978.8477721,41.76,45.55,IDLE
1770165979.0895243,41.73,45.56,IDLE
1770165979.3335576,41.76,45.56,IDLE
1770165979.5730975,41.75,45.59,IDLE
1770165979.814911,41.75,45.57,IDLE
1770165980.0566738,41.75,45.55,IDLE
1770165980.2980795,41.74,45.56,IDLE
1770165980.5394468,41.74,45.58,IDLE
1770165980.7816021,41.76,45.57,IDLE
1770165981.0242522,41.75,45.56,IDLE
1770165981.2657874,41.74,45.54,IDLE
1770165981.5072494,41.73,45.52,IDLE
1770165981.748683,41.75,45.53,IDLE
1770165981.9911835,41.77,45.54,IDLE
1770165982.2326405,41.76,45.53,IDLE
1770165982.4743474,41.75,45.54,IDLE
1770165982.7160249,41.75,45.53,IDLE
1770165982.957925,41.74,45.54,IDLE
1770165983.200238,41.74,45.53,IDLE
1770165983.441958,41.75,45.51,IDLE
1770165983.6837091,41.75,45.54,IDLE
1770165983.9255168,41.74,45.49,IDLE
1770165984.1665313,41.76,45.52,IDLE
1770165984.408594,41.74,45.54,IDLE
1770165984.6502864,41.76,45.52,IDLE
1770165984.892067,41.74,45.51,IDLE
1770165985.133894,41.73,45.53,IDLE
1770165985.3756504,41.74,45.53,IDLE
1770165985.6179085,41.76,45.51,IDLE
1770165985.8592606,41.74,45.49,IDLE
1770165986.1009123,41.75,45.43,IDLE
1770165986.342745,41.72,45.49,IDLE
1770165986.5841668,41.74,45.46,IDLE
1770165986.8260736,41.75,45.48,IDLE
1770165987.0680614,41.73,45.45,IDLE
1770165987.3096611,41.73,45.48,IDLE
1770165987.5520773,41.73,45.49,IDLE
1770165987.7938805,41.74,45.45,IDLE
1770165988.0355492,41.73,45.41,IDLE
1770165988.2774172,41.73,45.43,IDLE
1770165988.5184703,41.73,45.45,IDLE
1770165988.7608812,41.75,45.43,IDLE
1770165989.001643,41.74,45.41,IDLE
1770165989.2445455,41.75,45.42,IDLE
1770165989.4859228,41.76,45.43,IDLE
1770165989.727226,41.73,45.40,IDLE
1770165989.9698322,41.76,45.44,IDLE
1770165990.211623,41.74,45.41,IDLE
1770165990.4526014,41.75,45.41,IDLE
1770165990.6946733,41.75,45.43,IDLE
1770165990.9368901,41.75,45.42,IDLE
1770165991.1781404,41.76,45.39,IDLE
1770165991.4199407,41.75,45.43,IDLE
1770165991.6614077,41.75,45.41,IDLE
1770165991.9035008,41.75,45.42,IDLE
1770165992.1453335,41.75,45.39,IDLE
1770165992.3867266,41.75,45.42,IDLE
1770165992.628647,41.76,45.41,IDLE
1770165992.8706818,41.73,45.42,IDLE
1770165993.112847,41.74,45.40,IDLE
1770165993.3538778,41.74,45.41,IDLE
1770165993.5954084,41.74,45.43,IDLE
1770165993.8381755,41.74,45.41,IDLE
1770165994.079868,41.74,45.43,IDLE
1770165994.321695,41.72,45.45,IDLE
1770165994.563127,41.74,45.44,IDLE
1770165994.8052611,41.74,45.47,IDLE
1770165995.046631,41.73,45.45,IDLE
1770165995.2879906,41.73,45.44,IDLE
1770165995.5302155,41.74,45.49,IDLE
1770165995.772394,41.75,45.48,IDLE
1770165996.0141742,41.74,45.49,IDLE
1770165996.2560887,41.74,45.47,IDLE
1770165996.497165,41.74,45.46,IDLE
1770165996.7389998,41.74,45.50,IDLE
1770165996.980713,41.73,45.49,IDLE
1770165997.2225883,41.73,45.50,IDLE
1770165997.4642956,41.76,45.47,IDLE
1770165997.7061684,41.75,45.48,IDLE
1770165997.9482012,41.74,45.52,IDLE
1770165998.1893885,41.74,45.48,IDLE
1770165998.431869,41.75,45.53,IDLE
1770165998.6736257,41.75,45.53,IDLE
1770165998.9146402,41.76,45.54,IDLE
1770165999.1572459,41.73,45.51,IDLE
1770165999.3979537,41.75,45.56,IDLE
1770165999.640327,41.76,45.54,IDLE
1770165999.8815057,41.76,45.51,IDLE
1770166000.1236124,41.75,45.57,IDLE
1770166000.3654127,41.76,45.56,IDLE
1770166000.6071007,41.77,45.55,IDLE
1770166000.849235,41.75,45.56,IDLE
1770166001.090863,41.76,45.59,IDLE
1770166001.332726,41.77,45.57,IDLE
1770166001.5744908,41.75,45.55,IDLE
1770166001.8162374,41.75,45.58,IDLE
1770166002.057686,41.77,45.58,IDLE
1770166002.299773,41.77,45.55,IDLE
1770166002.5427525,41.78,45.59,IDLE
1770166002.78392,41.78,45.55,IDLE
1770166003.0256562,41.76,45.57,IDLE
1770166003.2674582,41.76,45.51,IDLE
1770166003.5084875,41.77,45.57,IDLE
1770166003.7504623,41.79,45.54,IDLE
1770166003.9922173,41.79,45.58,IDLE
1770166004.2341173,41.75,45.54,IDLE
1770166004.4755642,41.76,45.58,IDLE
1770166004.7175603,41.76,45.53,IDLE
1770166004.9597843,41.78,45.56,IDLE
1770166005.2016377,41.77,45.54,IDLE
1770166005.443388,41.77,45.59,IDLE
1770166005.6845844,41.77,45.57,IDLE
1770166005.9264374,41.79,45.59,IDLE
1770166006.1675508,41.79,45.56,IDLE
1770166006.4105058,41.79,45.56,IDLE
1770166006.652256,41.77,45.55,IDLE
1770166006.8940234,41.77,45.56,IDLE
1770166007.1348646,41.77,45.53,IDLE
1770166007.3775117,41.77,45.55,IDLE
1770166007.6194108,41.76,45.53,IDLE
1770166007.8611772,41.76,45.51,IDLE
1770166008.1024714,41.76,45.57,IDLE
1770166008.343855,41.76,45.55,IDLE
1770166008.586309,41.75,45.56,IDLE
1770166008.8273408,41.75,45.56,IDLE
1770166009.0694926,41.77,45.56,IDLE
1770166009.3113356,41.75,45.51,IDLE
1770166009.553066,41.76,45.53,IDLE
1770166009.7948096,41.76,45.53,IDLE
1770166010.0365734,41.77,45.58,IDLE
1770166010.278291,41.77,45.55,IDLE
1770166010.5196593,41.77,45.50,IDLE
1770166010.761941,41.78,45.58,IDLE
1770166011.004242,41.76,45.56,IDLE
1770166011.2451043,41.77,45.57,IDLE
1770166011.487733,41.79,45.58,IDLE
1770166011.7312489,41.79,45.57,IDLE
1770166011.970549,41.79,45.55,IDLE
1770166012.213109,41.77,45.51,IDLE
1770166012.454141,41.78,45.54,IDLE
1770166012.6961396,41.79,45.53,IDLE
1770166012.9376652,41.78,45.54,IDLE
1770166013.1800833,41.79,45.52,IDLE
1770166013.4220839,41.77,45.50,IDLE
1770166013.663663,41.77,45.50,IDLE
1770166013.9058151,41.79,45.52,IDLE
1770166014.1471555,41.78,45.50,IDLE
1770166014.3886287,41.77,45.51,IDLE
1770166014.6304607,41.79,45.54,IDLE
1770166014.871825,41.79,45.51,IDLE
1770166015.1142628,41.78,45.51,IDLE
1770166015.3560376,41.78,45.54,IDLE
1770166015.5974555,41.77,45.51,IDLE
1770166015.8391306,41.80,45.54,IDLE
1770166016.0814123,41.80,45.47,IDLE
1770166016.322664,41.78,45.53,IDLE
1770166016.5644574,41.80,45.47,IDLE
1770166016.8062665,41.78,45.47,IDLE
1770166017.0480406,41.79,45.51,IDLE
1770166017.2909179,41.80,45.50,IDLE
1770166017.5315852,41.81,45.48,IDLE
1770166017.773019,41.81,45.53,IDLE
1770166018.0155299,41.80,45.45,IDLE
1770166018.2565842,41.81,45.48,IDLE
1770166018.499185,41.81,45.50,IDLE
1770166018.7410035,41.81,45.50,IDLE
1770166018.9823916,41.81,45.49,IDLE
1770166019.223281,41.81,45.51,IDLE
1770166019.4663222,41.81,45.48,IDLE
1770166019.7076707,41.82,45.50,IDLE
1770166019.9493847,41.82,45.47,IDLE
1770166020.1915793,41.82,45.50,IDLE
1770166020.4333172,41.82,45.45,IDLE
1770166020.674362,41.82,45.47,IDLE
1770166020.916273,41.83,45.45,IDLE
1770166021.1582465,41.83,45.43,IDLE
1770166021.4004223,41.82,45.42,IDLE
1770166021.641537,41.84,45.47,IDLE
1770166021.8839452,41.83,45.45,IDLE
1770166022.1252177,41.82,45.42,IDLE
1770166022.3674984,41.82,45.43,IDLE
1770166022.608567,41.84,45.46,IDLE
1770166022.8507185,41.81,45.36,IDLE
1770166023.0928557,41.82,45.35,IDLE
1770166023.334006,41.85,45.37,IDLE
1770166023.5764914,41.83,45.35,IDLE
1770166023.8181932,41.83,45.35,IDLE
1770166024.0599434,41.85,45.40,IDLE
1770166024.301274,41.85,45.35,IDLE
1770166024.5430279,41.83,45.40,IDLE
1770166024.7848032,41.85,45.37,IDLE
1770166025.0265145,41.84,45.36,IDLE
1770166025.2683642,41.86,45.36,IDLE
1770166025.510278,41.87,45.36,IDLE
1770166025.752434,41.86,45.35,IDLE
1770166025.9936738,41.87,45.36,IDLE
1770166026.2362278,41.87,45.38,IDLE
1770166026.4768932,41.85,45.37,IDLE
1770166026.7197843,41.85,45.33,IDLE
1770166026.9604797,41.87,45.34,IDLE
1770166027.2034678,41.87,45.33,IDLE
1770166027.4448495,41.86,45.38,IDLE
1770166027.6864047,41.85,45.35,IDLE
1770166027.927874,41.86,45.35,IDLE
1770166028.1702137,41.85,45.32,IDLE
1770166028.411684,41.86,45.31,IDLE
1770166028.6540365,41.86,45.35,IDLE
1770166028.8950431,41.83,45.31,IDLE
1770166029.1364937,41.86,45.33,IDLE
1770166029.3789713,41.86,45.32,IDLE
1770166029.6207285,41.88,45.31,IDLE
1770166029.862401,41.85,45.33,IDLE
1770166030.1031096,41.87,45.35,IDLE
1770166030.3455703,41.86,45.28,IDLE
1770166030.5874329,41.87,45.33,IDLE
1770166030.8296924,41.87,45.30,IDLE
1770166031.0712783,41.87,45.30,IDLE
1770166031.3126657,41.87,45.33,IDLE
1770166031.5544844,41.88,45.28,IDLE
1770166031.7963696,41.88,45.31,IDLE
1770166032.0380769,41.87,45.31,IDLE
1770166032.2803597,41.88,45.26,IDLE
1770166032.5217292,41.85,45.29,IDLE
1770166032.763907,41.87,45.25,IDLE
1770166033.0050874,41.87,45.31,IDLE
1770166033.2468703,41.87,45.29,IDLE
1770166033.4891512,41.85,45.31,IDLE
1770166033.7305026,41.87,45.28,IDLE
1770166033.9721687,41.87,45.26,IDLE
1770166034.2141333,41.87,45.24,IDLE
1770166034.4555123,41.86,45.22,IDLE
1770166034.6976082,41.87,45.23,IDLE
1770166034.9392862,41.88,45.25,IDLE
1770166035.181579,41.89,45.23,IDLE
1770166035.4233716,41.86,45.22,IDLE
1770166035.6652205,41.87,45.24,IDLE
1770166035.9061284,41.88,45.25,IDLE
1770166036.1482792,41.87,45.24,IDLE
1770166036.3904266,41.88,45.24,IDLE
1770166036.6323273,41.88,45.23,IDLE
1770166036.8737106,41.89,45.24,IDLE
1770166037.1158981,41.89,45.25,IDLE
1770166037.3572211,41.89,45.25,IDLE
1770166037.5988295,41.88,45.19,IDLE
1770166037.8406582,41.89,45.25,IDLE
1770166038.0823503,41.89,45.25,IDLE
1770166038.3247435,41.88,45.26,IDLE
1770166038.5663345,41.89,45.25,IDLE
1770166038.8082995,41.87,45.19,IDLE
1770166039.0500882,41.87,45.24,IDLE
1770166039.2916577,41.88,45.22,IDLE
1770166039.533286,41.87,45.16,IDLE
1770166039.7741303,41.88,45.22,IDLE
1770166040.0176697,41.89,45.22,IDLE
1770166040.2583027,41.87,45.22,IDLE
1770166040.5004942,41.87,45.16,IDLE
1770166040.7419684,41.89,45.19,IDLE
1770166040.9834065,41.88,45.18,IDLE
1770166041.2251556,41.89,45.21,IDLE
1770166041.4673154,41.87,45.18,IDLE
1770166041.709522,41.88,45.16,IDLE
1770166041.9500375,41.86,45.14,IDLE
1770166042.1921904,41.85,45.13,IDLE
1770166042.4351683,41.88,45.19,IDLE
1770166042.6753695,41.86,45.17,IDLE
1770166042.9176462,41.85,45.12,IDLE
1770166043.1602676,41.85,45.11,IDLE
1770166043.4030201,41.86,45.10,IDLE
1770166043.6436303,41.86,45.08,IDLE
1770166043.8854773,41.85,45.10,IDLE
1770166044.1266575,41.87,45.13,IDLE
1770166044.3682585,41.88,45.11,IDLE
1770166044.6107461,41.85,45.08,IDLE
1770166044.8517363,41.85,45.10,IDLE
1770166045.0943558,41.85,45.08,IDLE
1770166045.3361354,41.84,45.08,IDLE
1770166045.577921,41.86,45.04,IDLE
1770166045.8184755,41.84,45.10,IDLE
1770166046.0615208,41.86,45.07,IDLE
1770166046.3024547,41.86,45.07,IDLE
1770166046.545062,41.85,45.11,IDLE
1770166046.7856858,41.87,45.06,IDLE
1770166047.0277526,41.85,45.09,IDLE
1770166047.269629,41.86,45.10,IDLE
1770166047.512205,41.86,45.07,IDLE
1770166047.7531476,41.84,45.09,IDLE
1770166047.995581,41.86,45.06,IDLE
1770166048.2374618,41.87,45.07,IDLE
1770166048.4792824,41.86,45.10,IDLE
1770166048.7209582,41.86,45.08,IDLE
1770166048.962698,41.86,45.08,IDLE
1770166049.2038789,41.83,45.08,IDLE
1770166049.4457676,41.85,45.07,IDLE
1770166049.6875253,41.86,45.07,IDLE
1770166049.9293957,41.85,45.11,IDLE
1770166050.1712105,41.85,45.10,IDLE
1770166050.4124548,41.84,45.09,IDLE
1770166050.6551611,41.86,45.08,IDLE
1770166050.897034,41.86,45.08,IDLE
1770166051.1387074,41.85,45.10,IDLE
1770166051.3805335,41.85,45.13,IDLE
1770166051.6222756,41.87,45.06,IDLE
1770166051.8640506,41.85,45.09,IDLE
1770166052.105775,41.85,45.06,IDLE
1770166052.3473396,41.83,45.07,IDLE
1770166052.5887969,41.85,45.04,IDLE
1770166052.8311574,41.84,45.10,IDLE
1770166053.0723405,41.87,45.09,IDLE
1770166053.314204,41.86,45.10,IDLE
1770166053.556237,41.85,45.13,IDLE
1770166053.7982614,41.84,45.11,IDLE
1770166054.0397527,41.85,45.09,IDLE
1770166054.2818403,41.86,45.13,IDLE
1770166054.52286,41.85,45.09,IDLE
1770166054.765628,41.84,45.08,IDLE
1770166055.0063763,41.84,45.12,IDLE
1770166055.2492082,41.85,45.12,IDLE
1770166055.4899058,41.85,45.14,IDLE
1770166055.7323837,41.86,45.16,IDLE
1770166055.9734643,41.86,45.14,IDLE
1770166056.2151687,41.87,45.14,IDLE
1770166056.457394,41.88,45.16,IDLE
1770166056.699409,41.86,45.12,IDLE
1770166056.9413123,41.86,45.11,IDLE
1770166057.1827707,41.87,45.15,IDLE
1770166057.4249136,41.87,45.14,IDLE
1770166057.6655726,41.87,45.10,IDLE
1770166057.9079628,41.86,45.14,IDLE
1770166058.1502745,41.88,45.11,IDLE
1770166058.3915112,41.85,45.12,IDLE
1770166058.6337678,41.88,45.12,IDLE
1770166058.8754525,41.87,45.17,IDLE
1770166059.1166184,41.88,45.15,IDLE
1770166059.3585153,41.87,45.16,IDLE
1770166059.600012,41.87,45.18,IDLE
1770166059.8420446,41.87,45.17,IDLE
1770166060.0836926,41.88,45.13,IDLE
1770166060.3261008,41.88,45.20,IDLE
1770166060.5676274,41.88,45.15,IDLE
1770166060.8094518,41.88,45.17,IDLE
1770166061.0507317,41.90,45.19,IDLE
1770166061.2923295,41.89,45.15,IDLE
1770166061.5345995,41.87,45.15,IDLE
1770166061.7762895,41.89,45.15,IDLE
1770166062.017979,41.89,45.17,IDLE
1770166062.2597895,41.89,45.16,IDLE
1770166062.5020642,41.90,45.15,IDLE
1770166062.7439148,41.88,45.17,IDLE
1770166062.9847946,41.92,45.19,IDLE
1770166063.2274704,41.90,45.16,IDLE
1770166063.4691806,41.91,45.21,IDLE
1770166063.7110016,41.89,45.16,IDLE
1770166063.95167,41.89,45.18,IDLE
1770166064.1938055,41.90,45.20,IDLE
1770166064.435716,41.89,45.15,IDLE
1770166064.6774735,41.91,45.18,IDLE
1770166064.918888,41.90,45.15,IDLE
1770166065.161096,41.90,45.17,IDLE
1770166065.4028287,41.92,45.17,IDLE
1770166065.6444185,41.90,45.17,IDLE
1770166065.8862162,41.91,45.19,IDLE
1770166066.128243,41.91,45.20,IDLE
1770166066.369362,41.91,45.20,IDLE
1770166066.6113403,41.90,45.18,IDLE
1770166066.853978,41.91,45.20,IDLE
1770166067.095196,41.91,45.22,IDLE
1770166067.336813,41.93,45.19,IDLE
1770166067.5789514,41.93,45.19,IDLE
1770166067.8206928,41.92,45.22,IDLE
1770166068.0630014,41.92,45.19,IDLE
1770166068.3047225,41.92,45.19,IDLE
1770166068.5463917,41.92,45.20,IDLE
1770166068.788215,41.90,45.18,IDLE
1770166069.0295901,41.93,45.21,IDLE
1770166069.2709568,41.92,45.22,IDLE
1770166069.5135572,41.92,45.19,IDLE
1770166069.7548165,41.92,45.21,IDLE
1770166069.9972079,41.92,45.14,IDLE
1770166070.2384672,41.92,45.17,IDLE
1770166070.4806445,41.91,45.15,IDLE
1770166070.722024,41.92,45.22,IDLE
1770166070.9633062,41.91,45.16,IDLE
1770166071.2051513,41.94,45.19,IDLE
1770166071.4476724,41.92,45.16,IDLE
1770166071.6884034,41.91,45.17,IDLE
1770166071.9303036,41.92,45.16,IDLE
1770166072.1730754,41.93,45.14,IDLE
1770166072.4155228,41.93,45.16,IDLE
1770166072.655603,41.95,45.18,IDLE
1770166072.897538,41.92,45.19,IDLE
1770166073.1403887,41.93,45.18,IDLE
1770166073.380861,41.93,45.20,IDLE
1770166073.6228237,41.94,45.16,IDLE
1770166073.8650253,41.92,45.11,IDLE
1770166074.106121,41.94,45.15,IDLE
1770166074.3486335,41.93,45.15,IDLE
1770166074.5897467,41.94,45.16,IDLE
1770166074.8317528,41.94,45.13,IDLE
1770166075.073141,41.93,45.14,IDLE
1770166075.3151186,41.93,45.13,IDLE
1770166075.5569396,41.94,45.10,IDLE
1770166075.7999423,41.92,45.11,IDLE
1770166076.0414243,41.94,45.06,IDLE
1770166076.282628,41.94,45.12,IDLE
1770166076.5245218,41.93,45.09,IDLE
1770166076.7662022,41.95,45.07,IDLE
1770166077.0073953,41.94,45.11,IDLE
1770166077.2493138,41.95,45.09,IDLE
1770166077.491588,41.95,45.10,IDLE
1770166077.7339253,41.96,45.06,IDLE
1770166077.975634,41.95,45.07,IDLE
1770166078.216213,41.96,45.09,IDLE
1770166078.4584079,41.96,45.10,IDLE
1770166078.7009733,41.99,45.09,IDLE
1770166078.9416623,41.97,45.08,IDLE
1770166079.1834514,41.96,45.05,IDLE
1770166079.4255023,41.97,45.06,IDLE
1770166079.6672993,41.97,45.06,IDLE
1770166079.9086866,41.95,45.02,IDLE
1770166080.1509795,41.96,45.06,IDLE
1770166080.3921425,41.98,45.05,IDLE
1770166080.6352053,41.98,45.04,IDLE
1770166080.8764148,41.98,45.01,IDLE
1770166081.118373,41.98,45.02,IDLE
1770166081.359772,41.97,44.98,IDLE
1770166081.601738,41.98,44.98,IDLE
1770166081.842777,41.96,45.00,IDLE
1770166082.0848877,41.97,45.00,IDLE
1770166082.3276253,41.97,44.97,IDLE
1770166082.5694149,41.98,45.00,IDLE
1770166082.8099356,41.97,44.98,IDLE
1770166083.0519128,41.97,44.94,IDLE
1770166083.294579,41.98,44.98,IDLE
1770166083.53584,41.98,44.95,IDLE
1770166083.777332,41.98,44.97,IDLE
1770166084.0200808,42.00,44.98,IDLE
1770166084.261198,41.98,44.99,IDLE
1770166084.5031085,41.98,44.95,IDLE
1770166084.74567,42.00,44.96,IDLE
1770166084.986372,41.98,44.95,IDLE
1770166085.227756,42.00,44.99,IDLE
1770166085.4698362,41.98,44.93,IDLE
1770166085.7124672,41.99,44.93,IDLE
1770166085.953878,42.01,44.95,IDLE
1770166086.194893,42.00,44.97,IDLE
1770166086.437668,41.99,44.97,IDLE
1770166086.678553,42.00,45.00,IDLE
1770166086.9206743,41.98,44.97,IDLE
1770166087.162463,41.99,45.00,IDLE
1770166087.404004,42.02,44.99,IDLE
1770166087.645483,41.99,44.95,IDLE
1770166087.8871655,42.03,44.97,IDLE
1770166088.1292179,42.01,44.94,IDLE
1770166088.3717637,42.01,44.97,IDLE
1770166088.6126962,42.01,44.98,IDLE
1770166088.8554614,42.01,44.94,IDLE
1770166089.0964742,42.01,44.95,IDLE
1770166089.3381352,42.01,44.94,IDLE
1770166089.5800195,42.02,44.95,IDLE
1770166089.8218818,42.01,44.95,IDLE
1770166090.0632799,42.00,44.94,IDLE
1770166090.3052974,42.00,44.93,IDLE
1770166090.546607,42.01,44.99,IDLE
1770166090.7886367,42.02,44.97,IDLE
1770166091.0303116,42.02,44.95,IDLE
1770166091.2723386,42.02,45.00,IDLE
1770166091.5141938,42.00,44.95,IDLE
1770166091.7560744,42.00,44.97,IDLE
1770166091.9980829,42.02,44.95,IDLE
1770166092.2394664,42.02,44.96,IDLE
1770166092.4809382,42.02,44.96,IDLE
1770166092.723818,42.03,44.93,IDLE
1770166092.9649625,42.03,44.96,IDLE
1770166093.2063465,42.02,44.96,IDLE
1770166093.4483583,42.02,44.96,IDLE
1770166093.6897478,42.04,44.98,IDLE
1770166093.9320202,42.03,44.95,IDLE
1770166094.1736145,42.03,44.95,IDLE
1770166094.4153414,42.03,44.93,IDLE
1770166094.6570137,42.02,44.97,IDLE
1770166094.898698,42.02,44.93,IDLE
1770166095.1409674,42.05,44.96,IDLE
1770166095.3829665,42.04,44.97,IDLE
1770166095.6250107,42.03,44.98,IDLE
1770166095.8669271,42.05,44.97,IDLE
1770166096.1078293,42.04,44.92,IDLE
1770166096.34958,42.04,44.94,IDLE
1770166096.5912004,42.03,44.92,IDLE
1770166096.8339837,42.04,44.98,IDLE
1770166097.0757945,42.04,44.92,IDLE
1770166097.3175092,42.04,44.91,IDLE
1770166097.5587347,42.05,44.89,IDLE
1770166097.8007998,42.04,44.92,IDLE
1770166098.0424027,42.03,44.90,IDLE
1770166098.2842586,42.04,44.92,IDLE
1770166098.5258486,42.06,44.95,IDLE
1770166098.7681403,42.03,45.00,IDLE
1770166099.0100002,42.04,44.97,IDLE
1770166099.2516527,42.04,44.96,IDLE
1770166099.4935834,42.04,44.94,IDLE
1770166099.7346253,42.02,44.92,IDLE
1770166099.9767716,42.04,44.93,IDLE
1770166100.2190533,42.04,44.92,IDLE
1770166100.4596705,42.06,44.91,IDLE
1770166100.701198,42.04,44.91,IDLE
1770166100.9438345,42.05,44.90,IDLE
1770166101.185476,42.03,44.90,IDLE
1770166101.426627,42.05,44.90,IDLE
1770166101.6684399,42.05,44.91,IDLE
1770166101.910576,42.04,44.93,IDLE
1770166102.1525874,42.04,44.91,IDLE
1770166102.393918,42.04,44.89,IDLE
1770166102.6356914,42.02,44.90,IDLE
1770166102.8772302,42.05,44.90,IDLE
1770166103.1192644,42.04,44.90,IDLE
1770166103.3608027,42.04,44.92,IDLE
1770166103.60308,42.07,44.92,IDLE
1770166103.8455372,42.04,44.89,IDLE
1770166104.0866537,42.04,44.91,IDLE
1770166104.3283699,42.04,44.90,IDLE
1770166104.56971,42.05,44.93,IDLE
1770166104.811859,42.06,44.90,IDLE
1770166105.053772,42.05,44.94,IDLE
1770166105.2956057,42.04,44.91,IDLE
1770166105.5368114,42.06,44.93,IDLE
1770166105.77835,42.06,44.89,IDLE
1770166106.0205913,42.05,44.86,IDLE
1770166106.2623646,42.06,44.88,IDLE
1770166106.5036767,42.06,44.87,IDLE
1770166106.7462678,42.05,44.87,IDLE
1770166106.9874716,42.05,44.87,IDLE
1770166107.229692,42.07,44.85,IDLE
1770166107.4709451,42.04,44.85,IDLE
1770166107.7126245,42.04,44.88,IDLE
1770166107.9543972,42.07,44.88,IDLE
1770166108.1963232,42.05,44.84,IDLE
1770166108.4380574,42.05,44.87,IDLE
1770166108.6806684,42.06,44.86,IDLE
1770166108.9218931,42.05,44.86,IDLE
1770166109.1633303,42.05,44.85,IDLE
1770166109.4050167,42.07,44.83,IDLE
1770166109.6469278,42.03,44.83,IDLE
1770166109.8888245,42.06,44.83,IDLE
1770166110.1302538,42.06,44.84,IDLE
1770166110.372143,42.07,44.83,IDLE
1770166110.6145627,42.06,44.83,IDLE
1770166110.856419,42.07,44.85,IDLE
1770166111.0975423,42.09,44.82,IDLE
1770166111.3396926,42.09,44.85,IDLE
1770166111.581429,42.08,44.86,IDLE
1770166111.82299,42.07,44.87,IDLE
1770166112.0669014,42.09,44.86,IDLE
1770166112.3066049,42.08,44.83,IDLE
1770166112.5485246,42.08,44.84,IDLE
1770166112.7901645,42.08,44.86,IDLE
1770166113.0320609,42.07,44.84,IDLE
1770166113.2738144,42.07,44.81,IDLE
1770166113.5151227,42.08,44.85,IDLE
1770166113.7570739,42.07,44.85,IDLE
1770166114.0012178,42.08,44.86,IDLE
1770166114.2404208,42.08,44.86,IDLE
1770166114.4822094,42.08,44.88,IDLE
1770166114.7240114,42.08,44.90,IDLE
1770166114.967347,42.08,44.87,IDLE
1770166115.2087698,42.08,44.91,IDLE
1770166115.4499657,42.08,44.85,IDLE
1770166115.6915915,42.07,44.86,IDLE
1770166115.9343662,42.08,44.85,IDLE
1770166116.1750019,42.07,44.86,IDLE
1770166116.4174967,42.06,44.84,IDLE
1770166116.6582835,42.06,44.87,IDLE
1770166116.9009054,42.06,44.87,IDLE
1770166117.1420422,42.08,44.88,IDLE
1770166117.3840535,42.08,44.87,IDLE
1770166117.6253843,42.09,44.89,IDLE
1770166117.8680568,42.07,44.89,IDLE
1770166118.1092823,42.10,44.90,IDLE
1770166118.3511052,42.07,44.87,IDLE
1770166118.5935874,42.07,44.87,IDLE
1770166118.8343222,42.09,44.87,IDLE
1770166119.0763874,42.09,44.90,IDLE
1770166119.3181367,42.06,44.91,IDLE
1770166119.560883,42.06,44.86,IDLE
1770166119.8018184,42.08,44.89,IDLE
1770166120.0434673,42.06,44.85,IDLE
1770166120.28501,42.08,44.89,IDLE
1770166120.5270855,42.08,44.88,IDLE
1770166120.7688692,42.07,44.90,IDLE
1770166121.0113695,42.09,44.92,IDLE
1770166121.252658,42.08,44.89,IDLE
1770166121.494436,42.10,44.94,IDLE
1770166121.735886,42.10,44.95,IDLE
1770166121.9779978,42.10,44.87,IDLE
1770166122.219408,42.07,44.92,IDLE
1770166122.46141,42.08,44.93,IDLE
1770166122.702879,42.09,44.95,IDLE
1770166122.9455638,42.09,44.93,IDLE
1770166123.1865525,42.08,44.90,IDLE
1770166123.4285457,42.07,44.90,IDLE
1770166123.6701815,42.08,44.91,IDLE
1770166123.9117062,42.07,44.91,IDLE
1770166124.1540914,42.09,44.89,IDLE
1770166124.3957496,42.09,44.90,IDLE
1770166124.6372864,42.10,44.91,IDLE
1770166124.8792002,42.08,44.94,IDLE
1770166125.120968,42.08,44.90,IDLE
1770166125.3632176,42.08,44.87,IDLE
1770166125.6051896,42.08,44.88,IDLE
1770166125.8463323,42.08,44.92,IDLE
1770166126.088082,42.09,44.92,IDLE
1770166126.330351,42.09,44.90,IDLE
1770166126.572122,42.09,44.91,IDLE
1770166126.8134487,42.10,44.94,IDLE
1770166127.0557146,42.09,44.90,IDLE
1770166127.2962832,42.09,44.92,IDLE
1770166127.5384312,42.09,44.92,IDLE
1770166127.7814014,42.08,44.90,IDLE
1770166128.0224183,42.07,44.90,IDLE
1770166128.2640116,42.08,44.90,IDLE
1770166128.5058308,42.10,44.87,IDLE
1770166128.7481952,42.09,44.89,IDLE
1770166128.9890456,42.09,44.88,IDLE
1770166129.231172,42.09,44.84,IDLE
1770166129.4726822,42.09,44.87,IDLE
1770166129.7146015,42.09,44.85,IDLE
1770166129.957183,42.09,44.88,IDLE
1770166130.1982453,42.09,44.87,IDLE
1770166130.4405189,42.10,44.82,IDLE
1770166130.6817653,42.07,44.85,IDLE
1770166130.9240255,42.08,44.84,IDLE
1770166131.1654956,42.08,44.80,IDLE
1770166131.4076443,42.09,44.86,IDLE
1770166131.6488264,42.09,44.79,IDLE
1770166131.890971,42.09,44.85,IDLE
1770166132.1323357,42.08,44.83,IDLE
1770166132.3746994,42.09,44.83,IDLE
1770166132.6164887,42.09,44.83,IDLE
1770166132.857875,42.08,44.86,IDLE
1770166133.1000192,42.08,44.82,IDLE
1770166133.3410404,42.10,44.87,IDLE
1770166133.5831025,42.08,44.83,IDLE
1770166133.8246996,42.08,44.83,IDLE
1770166134.0666323,42.09,44.83,IDLE
1770166134.3083324,42.09,44.85,IDLE
1770166134.5501814,42.07,44.83,IDLE
1770166134.791802,42.08,44.81,IDLE
1770166135.034176,42.07,44.82,IDLE
1770166135.275529,42.09,44.82,IDLE
1770166135.5177565,42.07,44.83,IDLE
1770166135.7591581,42.09,44.85,IDLE
1770166136.0007691,42.07,44.83,IDLE
1770166136.2422655,42.09,44.85,IDLE
1770166136.4843323,42.09,44.85,IDLE
1770166136.7258193,42.10,44.86,IDLE
1770166136.9678023,42.09,44.85,IDLE
1770166137.2102425,42.08,44.85,IDLE
1770166137.4517167,42.09,44.86,IDLE
1770166137.6937618,42.10,44.88,IDLE
1770166137.9355998,42.11,44.82,IDLE
1770166138.1766212,42.10,44.85,IDLE
1770166138.4185984,42.09,44.83,IDLE
1770166138.6602454,42.10,44.85,IDLE
1770166138.9022224,42.11,44.90,IDLE
1770166139.143712,42.10,44.84,IDLE
1770166139.3862274,42.11,44.89,IDLE
1770166139.6270669,42.11,44.87,IDLE
1770166139.8693569,42.11,44.86,IDLE
1770166140.1106608,42.10,44.84,IDLE
1770166140.353281,42.10,44.86,IDLE
1770166140.5951004,42.11,44.84,IDLE
1770166140.8363013,42.11,44.85,IDLE
1770166141.078301,42.11,44.89,IDLE
1770166141.3195026,42.10,44.85,IDLE
1770166141.562169,42.10,44.86,IDLE
1770166141.8038864,42.11,44.88,IDLE
1770166142.045695,42.10,44.89,IDLE
1770166142.2864504,42.12,44.86,IDLE
1770166142.5287948,42.12,44.86,IDLE
1770166142.7709956,42.14,44.88,IDLE
1770166143.0128477,42.12,44.86,IDLE
1770166143.2541358,42.12,44.84,IDLE
1770166143.4971187,42.11,44.85,IDLE
1770166143.7379882,42.11,44.86,IDLE
1770166143.9799006,42.12,44.86,IDLE
1770166144.221688,42.11,44.84,IDLE
1770166144.4629304,42.13,44.83,IDLE
1770166144.7041452,42.13,44.88,IDLE
1770166144.946465,42.13,44.87,IDLE
1770166145.188285,42.13,44.88,IDLE
1770166145.4300723,42.12,44.84,IDLE
1770166145.67214,42.12,44.85,IDLE
1770166145.9139483,42.13,44.85,IDLE
1770166146.1558115,42.15,44.89,IDLE
1770166146.3972561,42.14,44.86,IDLE
1770166146.638916,42.13,44.85,IDLE
1770166146.8806229,42.13,44.84,IDLE
1770166147.1226163,42.13,44.86,IDLE
1770166147.3641863,42.14,44.87,IDLE
1770166147.6059432,42.14,44.87,IDLE
1770166147.8482792,42.13,44.86,IDLE
1770166148.0894678,42.13,44.86,IDLE
1770166148.3317738,42.13,44.85,IDLE
1770166148.5732462,42.12,44.84,IDLE
1770166148.8153865,42.12,44.88,IDLE
1770166149.0569792,42.14,44.87,IDLE
1770166149.2983632,42.13,44.87,IDLE
1770166149.540093,42.15,44.87,IDLE
1770166149.7819061,42.14,44.80,IDLE
1770166150.0237591,42.14,44.88,IDLE
1770166150.2653816,42.12,44.84,IDLE
1770166150.5077527,42.13,44.90,IDLE
1770166150.749572,42.12,44.87,IDLE
1770166150.99058,42.16,44.88,IDLE
1770166151.231923,42.15,44.87,IDLE
1770166151.474832,42.14,44.85,IDLE
1770166151.7161906,42.13,44.84,IDLE
1770166151.9573715,42.14,44.85,IDLE
1770166152.1993232,42.13,44.84,IDLE
1770166152.441542,42.14,44.88,IDLE
1770166152.6831622,42.14,44.81,IDLE
1770166152.9247086,42.12,44.86,IDLE
1770166153.1672986,42.13,44.85,IDLE
1770166153.4082537,42.13,44.78,IDLE
1770166153.6503174,42.13,44.82,IDLE
1770166153.8922849,42.14,44.86,IDLE
1770166154.1336303,42.14,44.82,IDLE
1770166154.3753564,42.15,44.82,IDLE
1770166154.6169322,42.14,44.85,IDLE
1770166154.8598175,42.15,44.83,IDLE
1770166155.1009846,42.14,44.82,IDLE
1770166155.342698,42.12,44.83,IDLE
1770166155.585045,42.13,44.82,IDLE
1770166155.8269584,42.14,44.81,IDLE
1770166156.0681386,42.12,44.80,IDLE
1770166156.3100557,42.14,44.79,IDLE
1770166156.5513523,42.12,44.78,IDLE
1770166156.793341,42.15,44.79,IDLE
1770166157.0351853,42.15,44.78,IDLE
1770166157.277038,42.15,44.76,IDLE
1770166157.5186174,42.14,44.77,IDLE
1770166157.760118,42.12,44.72,IDLE
1770166158.0027921,42.15,44.78,IDLE
1770166158.244065,42.15,44.79,IDLE
1770166158.4858294,42.14,44.75,IDLE
1770166158.7280352,42.14,44.75,IDLE
1770166158.9699397,42.16,44.79,IDLE
1770166159.2116647,42.15,44.78,IDLE
1770166159.4534047,42.15,44.76,IDLE
1770166159.6951342,42.13,44.76,IDLE
1770166159.9369972,42.13,44.77,IDLE
1770166160.1782534,42.12,44.74,IDLE
1770166160.4201362,42.13,44.75,IDLE
1770166160.6617348,42.15,44.75,IDLE
1770166160.904,42.13,44.76,IDLE
1770166161.1451328,42.15,44.72,IDLE
